,Unnamed: 0,VendorID,passenger_count,trip_distance,RatecodeID,PULocationID,DOLocationID,payment_type,fare_amount,extra,mta_tax,tip_amount,tolls_amount,improvement_surcharge,total_amount,congestion_surcharge,Airport_fee,cbd_congestion_fee
4804,4804,2,3.0,17.76,2.0,230,132,1,70.0,0.0,0.5,0.0,6.94,1.0,81.69,2.5,0.0,0.75
5231,5231,2,1.0,16.82,2.0,230,132,1,70.0,0.0,0.5,16.34,6.94,1.0,98.03,2.5,0.0,0.75
5399,5399,2,4.0,17.66,2.0,230,132,1,70.0,0.0,0.5,16.34,6.94,1.0,98.03,2.5,0.0,0.75
5465,5465,2,3.0,16.78,2.0,230,132,2,70.0,0.0,0.5,0.0,6.94,1.0,81.69,2.5,0.0,0.75
5510,5510,2,4.0,17.75,2.0,230,132,1,70.0,0.0,0.5,0.0,6.94,1.0,81.69,2.5,0.0,0.75
5838,5838,1,0.0,17.1,2.0,230,132,1,70.0,3.25,0.5,0.0,6.94,1.0,81.69,2.5,0.0,0.75
5974,5974,1,1.0,16.8,2.0,230,132,1,70.0,3.25,0.5,5.0,6.94,1.0,86.69,2.5,0.0,0.75
5990,5990,2,1.0,18.62,1.0,230,132,1,69.5,1.0,0.5,16.44,6.94,1.0,98.63,2.5,0.0,0.75
6109,6109,2,2.0,16.07,2.0,230,132,1,70.0,0.0,0.5,0.0,10.0,1.0,84.75,2.5,0.0,0.75
6606,6606,1,1.0,16.4,5.0,230,132,1,87.0,0.75,0.0,7.0,0.0,1.0,95.75,0.0,0.0,0.75
6622,6622,2,5.0,22.09,2.0,230,132,1,70.0,0.0,0.5,16.34,6.94,1.0,98.03,2.5,0.0,0.75
6696,6696,1,2.0,19.0,2.0,230,132,1,70.0,3.25,0.5,22.4,0.0,1.0,97.15,2.5,0.0,0.75
6748,6748,2,2.0,17.1,2.0,230,132,1,70.0,0.0,0.5,20.42,6.94,1.0,102.11,2.5,0.0,0.75
7313,7313,1,1.0,16.8,2.0,230,132,1,70.0,3.25,0.5,0.0,6.94,1.0,81.69,2.5,0.0,0.75
7532,7532,2,3.0,17.65,2.0,230,132,1,70.0,0.0,0.5,16.34,6.94,1.0,98.03,2.5,0.0,0.75
7549,7549,1,1.0,17.2,2.0,230,132,1,70.0,3.25,0.5,24.5,6.94,1.0,106.19,2.5,0.0,0.75
7731,7731,2,2.0,18.1,2.0,230,132,1,70.0,0.0,0.5,16.34,6.94,1.0,98.03,2.5,0.0,0.75
7741,7741,1,1.0,17.1,2.0,230,132,2,70.0,3.25,0.5,0.0,6.94,1.0,81.69,2.5,0.0,0.75
7754,7754,2,2.0,17.55,2.0,230,132,1,70.0,0.0,0.5,10.0,6.94,1.0,91.69,2.5,0.0,0.75
7958,7958,1,1.0,17.4,5.0,230,132,1,85.0,0.75,0.0,7.0,6.94,1.0,100.69,0.0,0.0,0.75
8045,8045,2,2.0,17.07,2.0,230,132,1,70.0,0.0,0.5,16.34,6.94,1.0,98.03,2.5,0.0,0.75
8450,8450,2,3.0,18.16,2.0,230,132,1,70.0,0.0,0.5,10.0,6.94,1.0,91.69,2.5,0.0,0.75
8578,8578,2,2.0,17.27,2.0,230,132,1,70.0,0.0,0.5,20.23,6.94,1.0,101.17,2.5,0.0,0.0
8795,8795,2,1.0,17.24,2.0,230,132,1,70.0,0.0,0.5,10.0,6.94,1.0,91.69,2.5,0.0,0.75
9089,9089,2,1.0,16.76,2.0,230,132,1,70.0,0.0,0.5,0.0,6.94,1.0,81.69,2.5,0.0,0.75
9501,9501,2,2.0,16.65,2.0,230,132,2,70.0,0.0,0.5,0.0,6.94,1.0,81.69,2.5,0.0,0.75
9561,9561,2,2.0,17.9,2.0,230,132,1,70.0,0.0,0.5,16.34,6.94,1.0,98.03,2.5,0.0,0.75
9885,9885,2,1.0,17.25,2.0,230,132,1,70.0,0.0,0.5,16.34,6.94,1.0,98.03,2.5,0.0,0.75
9948,9948,2,1.0,17.74,2.0,230,132,1,70.0,0.0,0.5,16.34,6.94,1.0,98.03,2.5,0.0,0.75
10514,10514,2,2.0,17.2,2.0,230,132,1,70.0,0.0,0.5,16.34,6.94,1.0,98.03,2.5,0.0,0.75
10520,10520,2,2.0,17.12,2.0,230,132,1,70.0,0.0,0.5,0.0,6.94,1.0,81.69,2.5,0.0,0.75
10550,10550,1,1.0,17.4,5.0,230,132,1,87.0,0.75,0.0,17.75,0.0,1.0,106.5,0.0,0.0,0.75
10749,10749,1,1.0,17.8,2.0,230,132,1,70.0,3.25,0.5,2.0,6.94,1.0,83.69,2.5,0.0,0.75
11042,11042,2,2.0,16.82,2.0,230,132,1,70.0,0.0,0.5,9.0,6.94,1.0,90.69,2.5,0.0,0.75
11384,11384,2,2.0,18.95,2.0,230,132,2,70.0,0.0,0.5,0.0,6.94,1.0,81.69,2.5,0.0,0.75
11498,11498,2,2.0,16.22,5.0,230,132,1,100.0,0.0,0.0,22.24,6.94,1.0,133.43,2.5,0.0,0.75
11698,11698,1,1.0,16.9,2.0,230,132,1,70.0,3.25,0.5,16.3,6.94,1.0,97.99,2.5,0.0,0.75
12091,12091,2,2.0,18.16,2.0,230,132,1,70.0,0.0,0.5,20.0,6.94,1.0,101.69,2.5,0.0,0.75
12413,12413,1,1.0,16.8,2.0,230,132,1,70.0,3.25,0.5,0.0,0.0,1.0,74.75,2.5,0.0,0.75
13819,13819,2,4.0,17.01,5.0,230,132,1,88.0,0.0,0.0,8.0,0.0,1.0,100.25,2.5,0.0,0.75
13828,13828,2,1.0,21.21,2.0,230,132,1,70.0,0.0,0.5,10.0,0.0,1.0,84.75,2.5,0.0,0.75
13879,13879,2,2.0,15.62,2.0,230,132,1,70.0,0.0,0.5,16.34,6.94,1.0,98.03,2.5,0.0,0.75
15415,15415,2,1.0,17.38,2.0,230,132,2,70.0,0.0,0.5,0.0,6.94,1.0,81.69,2.5,0.0,0.75
15996,15996,2,4.0,17.41,2.0,230,132,1,70.0,0.0,0.5,10.0,6.94,1.0,91.69,2.5,0.0,0.75
16105,16105,2,1.0,17.36,2.0,230,132,2,70.0,0.0,0.5,0.0,6.94,1.0,81.69,2.5,0.0,0.75
17158,17158,1,2.0,16.9,5.0,230,132,2,90.0,0.75,0.0,0.0,0.0,1.0,91.75,0.0,0.0,0.75
17305,17305,2,1.0,17.31,2.0,230,132,1,70.0,0.0,0.5,0.0,6.94,1.0,81.69,2.5,0.0,0.75
17630,17630,2,1.0,16.0,5.0,230,132,1,85.0,0.0,0.0,19.24,6.94,1.0,115.43,2.5,0.0,0.75
17796,17796,2,1.0,17.71,2.0,230,132,1,70.0,0.0,0.5,0.0,6.94,1.0,81.69,2.5,0.0,0.75
17804,17804,2,2.0,19.93,2.0,230,132,1,70.0,0.0,0.5,5.0,6.94,1.0,86.69,2.5,0.0,0.75
18584,18584,1,1.0,16.2,2.0,230,132,2,70.0,3.25,0.5,0.0,6.94,1.0,81.69,2.5,0.0,0.75
19011,19011,2,4.0,17.15,2.0,230,132,1,70.0,0.0,0.5,0.0,6.94,1.0,81.69,2.5,0.0,0.75
19332,19332,2,2.0,16.62,2.0,230,132,2,-70.0,0.0,-0.5,0.0,-6.94,-1.0,-81.69,-2.5,0.0,-0.75
19333,19333,2,2.0,16.62,2.0,230,132,2,70.0,0.0,0.5,0.0,6.94,1.0,81.69,2.5,0.0,0.75
19582,19582,1,1.0,16.8,5.0,230,132,1,87.0,0.75,0.0,0.0,0.0,1.0,88.75,0.0,0.0,0.75
19858,19858,1,0.0,16.7,2.0,230,132,1,70.0,3.25,0.5,20.0,6.94,1.0,101.69,2.5,0.0,0.75
19890,19890,2,2.0,17.55,2.0,230,132,1,70.0,0.0,0.5,0.0,6.94,1.0,81.69,2.5,0.0,0.75
19897,19897,2,2.0,17.79,2.0,230,132,1,70.0,0.0,0.5,10.0,6.94,1.0,91.69,2.5,0.0,0.75
20346,20346,2,2.0,18.85,2.0,230,132,1,70.0,0.0,0.5,16.34,6.94,1.0,98.03,2.5,0.0,0.75
20424,20424,2,3.0,16.58,2.0,230,132,1,70.0,0.0,0.5,16.34,6.94,1.0,98.03,2.5,0.0,0.75
20520,20520,2,1.0,17.4,2.0,230,132,1,70.0,0.0,0.5,16.34,6.94,1.0,98.03,2.5,0.0,0.75
20776,20776,2,2.0,16.32,2.0,230,132,1,70.0,0.0,0.5,16.34,6.94,1.0,98.03,2.5,0.0,0.75
21201,21201,2,2.0,14.3,5.0,230,132,1,97.0,0.0,0.0,20.25,0.0,1.0,121.5,2.5,0.0,0.75
21898,21898,7,3.0,17.03,2.0,230,132,1,70.0,0.0,0.5,14.95,0.0,1.0,89.7,2.5,0.0,0.75
22011,22011,2,2.0,16.83,2.0,230,132,1,70.0,0.0,0.5,15.0,6.94,1.0,96.69,2.5,0.0,0.75
22844,22844,2,2.0,17.3,2.0,230,132,1,70.0,0.0,0.5,16.34,6.94,1.0,98.03,2.5,0.0,0.75
23208,23208,2,2.0,16.75,2.0,230,132,2,70.0,0.0,0.5,0.0,0.0,1.0,74.75,2.5,0.0,0.75
23964,23964,2,3.0,17.03,2.0,230,132,1,70.0,0.0,0.5,0.01,6.94,1.0,81.7,2.5,0.0,0.75
24578,24578,2,1.0,17.19,2.0,230,132,1,70.0,0.0,0.5,0.01,6.94,1.0,81.7,2.5,0.0,0.75
24690,24690,2,2.0,17.29,2.0,230,132,1,70.0,0.0,0.5,16.34,6.94,1.0,98.03,2.5,0.0,0.75
24821,24821,2,1.0,16.48,5.0,230,132,1,90.0,0.0,0.0,22.85,20.0,1.0,137.1,2.5,0.0,0.75
25291,25291,2,1.0,16.56,5.0,230,132,2,85.0,0.0,0.0,0.0,0.0,1.0,89.25,2.5,0.0,0.75
25333,25333,2,2.0,17.9,2.0,230,132,1,70.0,0.0,0.5,10.0,6.94,1.0,91.69,2.5,0.0,0.75
26126,26126,1,1.0,20.7,2.0,230,132,2,70.0,3.25,0.5,0.0,6.94,1.0,81.69,2.5,0.0,0.75
26127,26127,1,1.0,17.6,2.0,230,132,2,70.0,3.25,0.5,0.0,1.0,1.0,75.75,2.5,0.0,0.75
26243,26243,1,1.0,16.9,2.0,230,132,1,70.0,3.25,0.5,16.35,6.94,1.0,98.04,2.5,0.0,0.75
26449,26449,2,3.0,18.02,2.0,230,132,1,70.0,0.0,0.5,16.34,6.94,1.0,98.03,2.5,0.0,0.75
27206,27206,1,1.0,18.0,2.0,230,132,1,70.0,3.25,0.5,0.0,6.94,1.0,81.69,2.5,0.0,0.75
27522,27522,2,2.0,17.91,2.0,230,132,1,70.0,0.0,0.5,14.95,0.0,1.0,89.7,2.5,0.0,0.75
27603,27603,2,1.0,17.2,2.0,230,132,1,70.0,0.0,0.5,16.34,6.94,1.0,98.03,2.5,0.0,0.75
28731,28731,2,4.0,18.33,2.0,230,132,1,70.0,0.0,0.5,16.34,6.94,1.0,98.03,2.5,0.0,0.75
28851,28851,1,1.0,17.1,2.0,230,132,1,70.0,3.25,0.5,16.34,6.94,1.0,98.03,2.5,0.0,0.75
29115,29115,2,2.0,16.73,2.0,230,132,4,-70.0,0.0,-0.5,0.0,-6.94,-1.0,-81.69,-2.5,0.0,-0.75
29116,29116,2,2.0,16.73,2.0,230,132,4,70.0,0.0,0.5,0.0,6.94,1.0,81.69,2.5,0.0,0.75
29446,29446,2,4.0,17.18,2.0,230,132,1,70.0,0.0,0.5,16.34,6.94,1.0,98.03,2.5,0.0,0.75
29852,29852,2,4.0,16.6,2.0,230,132,2,70.0,0.0,0.5,0.0,6.94,1.0,81.69,2.5,0.0,0.75
30113,30113,2,2.0,17.38,2.0,230,132,2,70.0,0.0,0.5,0.0,6.94,1.0,81.69,2.5,0.0,0.75
30129,30129,2,2.0,16.7,2.0,230,132,1,70.0,0.0,0.5,17.54,12.94,1.0,105.23,2.5,0.0,0.75
30406,30406,2,4.0,17.71,5.0,230,132,1,95.0,0.0,0.0,19.85,0.0,1.0,119.1,2.5,0.0,0.75
30423,30423,2,4.0,16.86,2.0,230,132,2,70.0,0.0,0.5,0.0,0.0,1.0,74.75,2.5,0.0,0.75
30514,30514,2,1.0,16.63,5.0,230,132,1,85.0,0.0,0.0,19.24,6.94,1.0,115.43,2.5,0.0,0.75
30685,30685,2,1.0,16.93,2.0,230,132,1,70.0,0.0,0.5,16.34,6.94,1.0,98.03,2.5,0.0,0.75
30866,30866,2,2.0,16.7,2.0,230,132,1,70.0,0.0,0.5,15.55,6.94,1.0,97.24,2.5,0.0,0.75
33463,33463,2,3.0,19.05,2.0,230,132,1,70.0,0.0,0.5,14.95,0.0,1.0,89.7,2.5,0.0,0.75
33795,33795,2,2.0,16.58,2.0,230,132,3,-70.0,0.0,-0.5,0.0,-6.94,-1.0,-81.69,-2.5,0.0,-0.75
33796,33796,2,2.0,16.58,2.0,230,132,3,70.0,0.0,0.5,0.0,6.94,1.0,81.69,2.5,0.0,0.75
33833,33833,2,3.0,17.83,2.0,230,132,2,70.0,0.0,0.5,0.0,6.94,1.0,81.69,2.5,0.0,0.75
33862,33862,2,2.0,16.81,2.0,230,132,1,70.0,0.0,0.5,18.69,0.0,1.0,93.44,2.5,0.0,0.75
35275,35275,2,4.0,17.01,2.0,230,132,4,-70.0,0.0,-0.5,0.0,0.0,-1.0,-74.75,-2.5,0.0,-0.75
35276,35276,2,4.0,17.01,2.0,230,132,4,70.0,0.0,0.5,0.0,0.0,1.0,74.75,2.5,0.0,0.75
36660,36660,1,1.0,16.6,2.0,230,132,1,70.0,3.25,0.5,0.0,6.94,1.0,81.69,2.5,0.0,0.75
37661,37661,2,3.0,17.72,2.0,230,132,1,70.0,0.0,0.5,20.42,6.94,1.0,102.11,2.5,0.0,0.75
37705,37705,2,2.0,16.97,2.0,230,132,1,70.0,0.0,0.5,0.0,6.94,1.0,81.69,2.5,0.0,0.75
37739,37739,2,2.0,17.61,2.0,230,132,1,70.0,0.0,0.5,16.34,6.94,1.0,98.03,2.5,0.0,0.75
38083,38083,1,1.0,17.0,2.0,230,132,1,70.0,3.25,0.5,18.7,0.0,1.0,93.45,2.5,0.0,0.75
39035,39035,2,4.0,18.69,2.0,230,132,1,70.0,0.0,0.5,0.0,6.94,1.0,81.69,2.5,0.0,0.75
39396,39396,2,4.0,16.72,2.0,230,132,1,70.0,0.0,0.5,12.0,6.94,1.0,93.69,2.5,0.0,0.75
39527,39527,2,3.0,17.93,2.0,230,132,1,70.0,0.0,0.5,14.95,0.0,1.0,89.7,2.5,0.0,0.75
39786,39786,2,2.0,17.16,2.0,230,132,1,70.0,0.0,0.5,10.0,6.94,1.0,91.69,2.5,0.0,0.75
39802,39802,2,3.0,17.93,2.0,230,132,1,70.0,0.0,0.5,16.34,6.94,1.0,98.03,2.5,0.0,0.75
39862,39862,1,2.0,18.2,2.0,230,132,1,70.0,3.25,0.5,16.3,6.94,1.0,97.99,2.5,0.0,0.75
39875,39875,2,4.0,16.85,2.0,230,132,1,70.0,0.0,0.5,4.0,6.94,1.0,85.69,2.5,0.0,0.75
40104,40104,2,1.0,15.85,5.0,230,132,4,-87.0,0.0,0.0,0.0,-6.94,-1.0,-98.19,-2.5,0.0,-0.75
40105,40105,2,1.0,15.85,5.0,230,132,4,87.0,0.0,0.0,0.0,6.94,1.0,98.19,2.5,0.0,0.75
40588,40588,2,2.0,16.52,2.0,230,132,2,70.0,0.0,0.5,0.0,6.94,1.0,81.69,2.5,0.0,0.75
42043,42043,2,2.0,17.68,2.0,230,132,2,70.0,0.0,0.5,0.0,6.94,1.0,81.69,2.5,0.0,0.75
43506,43506,2,2.0,18.0,2.0,230,132,1,70.0,0.0,0.5,8.0,6.94,1.0,89.69,2.5,0.0,0.75
43601,43601,2,2.0,18.36,2.0,230,132,1,70.0,0.0,0.5,0.0,6.94,1.0,81.69,2.5,0.0,0.75
44147,44147,2,2.0,17.77,2.0,230,132,1,70.0,0.0,0.5,18.0,6.94,1.0,99.69,2.5,0.0,0.75
45347,45347,2,2.0,16.77,2.0,230,132,1,70.0,0.0,0.5,5.0,6.94,1.0,86.69,2.5,0.0,0.75
45581,45581,2,1.0,18.38,2.0,230,132,1,70.0,0.0,0.5,18.69,0.0,1.0,93.44,2.5,0.0,0.75
49807,49807,2,2.0,17.89,2.0,230,132,1,70.0,0.0,0.5,16.34,6.94,1.0,98.03,2.5,0.0,0.75
50715,50715,2,2.0,17.54,2.0,230,132,1,70.0,0.0,0.5,10.0,0.0,1.0,84.75,2.5,0.0,0.75
52284,52284,2,3.0,17.67,2.0,230,132,1,70.0,0.0,0.5,5.0,6.94,1.0,86.69,2.5,0.0,0.75
54963,54963,2,1.0,18.34,2.0,230,132,2,70.0,0.0,0.5,0.0,0.0,1.0,74.75,2.5,0.0,0.75
56540,56540,1,1.0,17.1,2.0,230,132,1,70.0,3.25,0.5,5.0,6.94,1.0,86.69,2.5,0.0,0.75
65342,65342,2,1.0,17.4,5.0,230,132,2,88.0,0.0,0.0,0.0,0.0,1.0,92.25,2.5,0.0,0.75
72232,72232,2,1.0,17.02,2.0,230,132,1,70.0,0.0,0.5,12.25,6.94,1.0,93.94,2.5,0.0,0.75
72300,72300,1,1.0,16.6,2.0,230,132,1,70.0,3.25,0.5,16.35,6.94,1.0,98.04,2.5,0.0,0.75
72511,72511,2,3.0,17.2,2.0,230,132,2,70.0,0.0,0.5,0.0,6.94,1.0,81.69,2.5,0.0,0.75
72617,72617,1,0.0,16.8,2.0,230,132,1,70.0,3.25,0.5,16.3,6.94,1.0,97.99,2.5,0.0,0.75
72958,72958,2,1.0,16.86,2.0,230,132,1,70.0,0.0,0.5,16.34,6.94,1.0,98.03,2.5,0.0,0.75
73126,73126,2,2.0,16.92,2.0,230,132,1,70.0,0.0,0.5,16.34,6.94,1.0,98.03,2.5,0.0,0.75
73185,73185,1,0.0,16.8,2.0,230,132,1,70.0,3.25,0.5,0.0,6.94,1.0,81.69,2.5,0.0,0.75
74202,74202,2,3.0,18.21,2.0,230,132,1,70.0,0.0,0.5,10.0,6.94,1.0,91.69,2.5,0.0,0.75
74531,74531,2,1.0,16.12,5.0,230,132,1,100.0,0.0,0.0,22.24,6.94,1.0,133.43,2.5,0.0,0.75
75866,75866,2,1.0,17.38,2.0,230,132,1,70.0,0.0,0.5,16.34,6.94,1.0,98.03,2.5,0.0,0.75
77146,77146,1,1.0,17.3,2.0,230,132,1,70.0,3.25,0.5,20.4,6.94,1.0,102.09,2.5,0.0,0.75
77524,77524,2,2.0,18.15,2.0,230,132,1,70.0,0.0,0.5,16.34,6.94,1.0,98.03,2.5,0.0,0.75
79107,79107,2,2.0,18.77,2.0,230,132,1,70.0,0.0,0.5,0.0,6.94,1.0,81.69,2.5,0.0,0.75
80367,80367,1,1.0,17.2,2.0,230,132,1,70.0,3.25,0.5,16.35,6.94,1.0,98.04,2.5,0.0,0.75
81025,81025,2,1.0,17.96,2.0,230,132,1,70.0,0.0,0.5,16.34,6.94,1.0,98.03,2.5,0.0,0.75
81423,81423,2,1.0,16.63,2.0,230,132,4,-70.0,0.0,-0.5,0.0,0.0,-1.0,-74.75,-2.5,0.0,-0.75
81424,81424,2,1.0,16.63,2.0,230,132,4,70.0,0.0,0.5,0.0,0.0,1.0,74.75,2.5,0.0,0.75
81950,81950,2,2.0,17.04,2.0,230,132,1,70.0,0.0,0.5,0.0,6.94,1.0,81.69,2.5,0.0,0.75
83450,83450,2,1.0,17.19,2.0,230,132,1,70.0,0.0,0.5,14.95,0.0,1.0,89.7,2.5,0.0,0.75
89163,89163,2,3.0,17.58,2.0,230,132,1,70.0,0.0,0.5,16.34,6.94,1.0,98.03,2.5,0.0,0.75
89526,89526,2,1.0,17.4,2.0,230,132,1,70.0,0.0,0.5,16.34,6.94,1.0,98.03,2.5,0.0,0.75
89687,89687,2,3.0,18.6,2.0,230,132,1,70.0,0.0,0.5,20.42,6.94,1.0,102.11,2.5,0.0,0.75
92098,92098,1,1.0,17.2,2.0,230,132,2,70.0,3.25,0.5,0.0,6.94,1.0,81.69,2.5,0.0,0.75
93706,93706,2,2.0,17.49,2.0,230,132,1,70.0,0.0,0.5,40.0,6.94,1.0,121.69,2.5,0.0,0.75
93822,93822,1,1.0,18.4,2.0,230,132,1,70.0,3.25,0.5,14.95,0.0,1.0,89.7,2.5,0.0,0.75
95017,95017,2,2.0,18.11,2.0,230,132,1,70.0,0.0,0.5,16.34,6.94,1.0,98.03,2.5,0.0,0.75
95628,95628,2,2.0,16.72,2.0,230,132,1,70.0,0.0,0.5,0.0,6.94,1.0,81.69,2.5,0.0,0.75
96030,96030,2,2.0,17.12,2.0,230,132,2,70.0,0.0,0.5,0.0,6.94,1.0,81.69,2.5,0.0,0.75
96301,96301,1,1.0,20.8,2.0,230,132,1,70.0,3.25,0.5,14.95,0.0,1.0,89.7,2.5,0.0,0.75
96884,96884,2,2.0,17.22,2.0,230,132,4,-70.0,0.0,-0.5,0.0,0.0,-1.0,-74.75,-2.5,0.0,-0.75
96885,96885,2,2.0,17.22,2.0,230,132,4,70.0,0.0,0.5,0.0,0.0,1.0,74.75,2.5,0.0,0.75
97221,97221,2,1.0,17.92,2.0,230,132,1,70.0,0.0,0.5,16.19,6.94,1.0,97.88,2.5,0.0,0.75
97256,97256,2,2.0,18.53,2.0,230,132,1,70.0,0.0,0.5,10.0,6.94,1.0,91.69,2.5,0.0,0.75
98152,98152,2,2.0,16.78,2.0,230,132,2,70.0,0.0,0.5,0.0,6.94,1.0,84.19,2.5,0.0,0.75
99039,99039,2,1.0,17.12,2.0,230,132,1,70.0,0.0,0.5,16.84,6.94,1.0,101.03,2.5,0.0,0.75
99318,99318,2,3.0,17.23,2.0,230,132,1,70.0,0.0,0.5,16.34,6.94,1.0,98.03,2.5,0.0,0.75
99826,99826,2,1.0,16.85,2.0,230,132,1,70.0,0.0,0.5,5.0,6.94,1.0,86.69,2.5,0.0,0.75
101327,101327,2,2.0,17.48,2.0,230,132,2,70.0,0.0,0.5,0.0,6.94,1.0,81.69,2.5,0.0,0.75
101971,101971,2,2.0,17.54,2.0,230,132,1,70.0,0.0,0.5,16.34,6.94,1.0,98.03,2.5,0.0,0.75
102586,102586,7,3.0,17.55,2.0,230,132,1,70.0,0.0,0.5,16.34,6.94,1.0,98.03,2.5,0.0,0.75
103196,103196,2,4.0,15.26,5.0,230,132,1,86.0,0.0,0.0,5.0,0.0,1.0,95.25,2.5,0.0,0.75
103396,103396,2,2.0,16.86,2.0,230,132,1,70.0,0.0,0.5,16.34,6.94,1.0,98.03,2.5,0.0,0.75
104473,104473,2,2.0,18.65,2.0,230,132,1,70.0,0.0,0.5,24.51,6.94,1.0,106.2,2.5,0.0,0.75
104956,104956,2,1.0,17.54,2.0,230,132,1,70.0,0.0,0.5,16.34,6.94,1.0,98.03,2.5,0.0,0.75
105696,105696,2,2.0,17.41,2.0,230,132,1,70.0,0.0,0.5,13.31,6.94,1.0,95.0,2.5,0.0,0.75
107392,107392,2,4.0,17.18,5.0,230,132,2,85.0,0.0,0.0,0.0,0.0,1.0,89.25,2.5,0.0,0.75
107651,107651,2,2.0,17.75,2.0,230,132,1,70.0,0.0,0.5,16.34,6.94,1.0,98.03,2.5,0.0,0.75
107708,107708,2,2.0,17.43,2.0,230,132,1,70.0,0.0,0.5,16.34,6.94,1.0,98.03,2.5,0.0,0.75
109427,109427,2,1.0,16.97,2.0,230,132,2,70.0,0.0,0.5,0.0,6.94,1.0,81.69,2.5,0.0,0.75
109680,109680,2,1.0,17.22,2.0,230,132,2,70.0,0.0,0.5,0.0,6.94,1.0,81.69,2.5,0.0,0.75
112034,112034,2,2.0,15.95,2.0,230,132,1,70.0,0.0,0.5,16.77,9.11,1.0,100.63,2.5,0.0,0.75
112607,112607,2,2.0,17.59,2.0,230,132,1,70.0,0.0,0.5,14.95,0.0,1.0,89.7,2.5,0.0,0.75
115257,115257,2,2.0,16.61,2.0,230,132,1,70.0,0.0,0.5,16.34,6.94,1.0,98.03,2.5,0.0,0.75
115452,115452,1,0.0,18.0,2.0,230,132,1,70.0,3.25,0.5,16.3,6.94,1.0,97.99,2.5,0.0,0.75
116050,116050,2,1.0,18.05,2.0,230,132,2,70.0,0.0,0.5,0.0,6.94,1.0,81.69,2.5,0.0,0.75
117347,117347,1,1.0,16.9,2.0,230,132,1,70.0,3.25,0.5,16.35,6.94,1.0,98.04,2.5,0.0,0.75
117557,117557,1,2.0,17.9,5.0,230,132,1,85.69,0.75,0.0,17.45,0.0,1.0,104.89,0.0,0.0,0.75
119424,119424,2,3.0,18.59,2.0,230,132,1,70.0,0.0,0.5,18.69,0.0,1.0,93.44,2.5,0.0,0.75
119720,119720,2,1.0,15.06,2.0,230,132,1,70.0,0.0,0.5,0.0,6.94,1.0,81.69,2.5,0.0,0.75
120171,120171,2,2.0,17.1,2.0,230,132,1,70.0,0.0,0.5,16.34,6.94,1.0,98.03,2.5,0.0,0.75
120196,120196,2,3.0,13.95,2.0,230,132,1,70.0,0.0,0.5,10.0,0.0,1.0,84.75,2.5,0.0,0.75
121378,121378,2,4.0,17.1,2.0,230,132,1,70.0,5.0,0.5,17.34,6.94,1.0,104.03,2.5,0.0,0.75
121519,121519,2,2.0,16.24,2.0,230,132,1,70.0,5.0,0.5,15.95,0.0,1.0,95.7,2.5,0.0,0.75
122757,122757,2,1.0,16.75,2.0,230,132,1,70.0,5.0,0.5,17.34,6.94,1.0,104.03,2.5,0.0,0.75
123417,123417,1,1.0,16.1,2.0,230,132,1,70.0,8.25,0.5,10.0,6.94,1.0,96.69,2.5,0.0,0.75
123736,123736,2,2.0,16.09,2.0,230,132,1,70.0,5.0,0.5,17.34,6.94,1.0,104.03,2.5,0.0,0.75
124434,124434,2,2.0,14.36,2.0,230,132,2,70.0,5.0,0.5,0.0,6.94,1.0,86.69,2.5,0.0,0.75
124502,124502,2,2.0,15.54,5.0,230,132,1,95.0,0.0,0.0,19.85,0.0,1.0,119.1,2.5,0.0,0.75
125177,125177,2,1.0,16.47,1.0,230,132,1,77.9,2.5,0.5,18.42,6.94,1.0,110.51,2.5,0.0,0.75
125288,125288,2,2.0,17.86,2.0,230,132,3,-70.0,-5.0,-0.5,0.0,-6.94,-1.0,-86.69,-2.5,0.0,-0.75
125289,125289,2,2.0,17.86,2.0,230,132,3,70.0,5.0,0.5,0.0,6.94,1.0,86.69,2.5,0.0,0.75
126936,126936,1,1.0,17.2,2.0,230,132,1,70.0,8.25,0.5,5.0,6.94,1.0,91.69,2.5,0.0,0.75
127000,127000,7,2.0,17.38,2.0,230,132,1,70.0,0.0,0.5,21.67,6.94,1.0,108.36,2.5,0.0,0.75
128877,128877,2,2.0,16.9,2.0,230,132,1,70.0,5.0,0.5,17.34,6.94,1.0,104.03,2.5,0.0,0.75
132279,132279,2,1.0,17.52,2.0,230,132,1,70.0,5.0,0.5,19.94,0.0,1.0,99.69,2.5,0.0,0.75
132890,132890,1,2.0,18.3,5.0,230,132,3,0.0,0.75,0.0,0.0,0.0,1.0,1.75,0.0,0.0,0.75
135042,135042,2,1.0,17.89,2.0,230,132,1,70.0,5.0,0.5,17.34,6.94,1.0,104.03,2.5,0.0,0.75
136176,136176,2,2.0,18.4,2.0,230,132,1,70.0,5.0,0.5,17.34,6.94,1.0,104.03,2.5,0.0,0.75
144741,144741,1,1.0,18.7,5.0,230,132,1,86.69,0.75,0.0,17.65,0.0,1.0,106.09,0.0,0.0,0.75
147813,147813,2,2.0,17.01,2.0,230,132,1,70.0,0.0,0.5,16.34,6.94,1.0,98.03,2.5,0.0,0.75
166524,166524,2,1.0,18.02,2.0,230,132,1,70.0,0.0,0.5,18.69,0.0,1.0,93.44,2.5,0.0,0.75
167147,167147,2,2.0,17.1,2.0,230,132,1,70.0,0.0,0.5,16.34,6.94,1.0,98.03,2.5,0.0,0.75
167276,167276,2,1.0,17.6,2.0,230,132,1,70.0,0.0,0.5,16.34,6.94,1.0,98.03,2.5,0.0,0.75
167676,167676,1,3.0,18.6,2.0,230,132,1,70.0,3.25,0.5,16.3,6.94,1.0,97.99,2.5,0.0,0.75
171156,171156,2,2.0,17.91,2.0,230,132,2,70.0,0.0,0.5,0.0,6.94,1.0,81.69,2.5,0.0,0.75
172473,172473,2,1.0,17.14,2.0,230,132,1,70.0,0.0,0.5,20.42,6.94,1.0,102.11,2.5,0.0,0.75
173105,173105,1,1.0,17.0,2.0,230,132,2,70.0,3.25,0.5,0.0,6.94,1.0,81.69,2.5,0.0,0.75
173218,173218,1,1.0,17.2,2.0,230,132,2,70.0,3.25,0.5,0.0,6.94,1.0,81.69,2.5,0.0,0.75
181988,181988,2,2.0,17.24,2.0,230,132,1,70.0,0.0,0.5,16.34,6.94,1.0,98.03,2.5,0.0,0.75
182107,182107,2,3.0,17.19,2.0,230,132,1,70.0,0.0,0.5,16.34,6.94,1.0,98.03,2.5,0.0,0.75
182141,182141,2,2.0,16.71,2.0,230,132,1,70.0,0.0,0.5,12.0,6.94,1.0,93.69,2.5,0.0,0.75
186912,186912,2,1.0,17.23,2.0,230,132,1,70.0,0.0,0.5,16.34,6.94,1.0,98.03,2.5,0.0,0.75
186964,186964,2,2.0,16.46,2.0,230,132,1,70.0,0.0,0.5,16.34,6.94,1.0,98.03,2.5,0.0,0.75
187123,187123,2,2.0,15.96,2.0,230,132,1,70.0,0.0,0.5,16.34,6.94,1.0,98.03,2.5,0.0,0.75
188126,188126,2,1.0,16.75,2.0,230,132,1,70.0,0.0,0.5,16.34,6.94,1.0,98.03,2.5,0.0,0.75
189966,189966,2,1.0,18.13,2.0,230,132,1,70.0,0.0,0.5,16.34,6.94,1.0,98.03,2.5,0.0,0.75
192235,192235,2,2.0,17.49,2.0,230,132,2,70.0,0.0,0.5,0.0,6.94,1.0,81.69,2.5,0.0,0.75
193218,193218,1,2.0,16.7,5.0,230,132,1,90.0,0.75,0.0,19.7,6.94,1.0,118.39,0.0,0.0,0.75
195100,195100,2,2.0,16.67,2.0,230,132,1,70.0,0.0,0.5,5.0,6.94,1.0,86.69,2.5,0.0,0.75
198546,198546,2,2.0,16.77,2.0,230,132,1,70.0,0.0,0.5,14.95,0.0,1.0,89.7,2.5,0.0,0.75
199357,199357,2,4.0,18.75,2.0,230,132,2,70.0,0.0,0.5,0.0,0.0,1.0,74.75,2.5,0.0,0.75
200418,200418,2,3.0,16.71,2.0,230,132,1,70.0,0.0,0.5,14.95,0.0,1.0,89.7,2.5,0.0,0.75
201365,201365,2,2.0,17.93,2.0,230,132,1,70.0,0.0,0.5,20.42,6.94,1.0,102.11,2.5,0.0,0.75
201391,201391,1,1.0,16.5,2.0,230,132,2,70.0,3.25,0.5,0.0,6.94,1.0,81.69,2.5,0.0,0.75
203162,203162,1,1.0,17.2,2.0,230,132,1,70.0,3.25,0.5,16.35,6.94,1.0,98.04,2.5,0.0,0.75
205247,205247,2,1.0,18.26,2.0,230,132,1,70.0,0.0,0.5,16.84,6.94,1.0,101.03,2.5,0.0,0.75
205805,205805,2,1.0,16.37,2.0,230,132,1,70.0,0.0,0.5,24.51,6.94,1.0,106.2,2.5,0.0,0.75
207420,207420,2,2.0,16.1,2.0,230,132,1,70.0,0.0,0.5,16.34,6.94,1.0,98.03,2.5,0.0,0.75
208104,208104,1,2.0,16.2,2.0,230,132,1,70.0,3.25,0.5,0.0,6.94,1.0,81.69,2.5,0.0,0.75
208594,208594,2,1.0,17.68,2.0,230,132,1,70.0,0.0,0.5,15.0,6.94,1.0,96.69,2.5,0.0,0.75
209031,209031,2,1.0,15.76,2.0,230,132,2,70.0,0.0,0.5,0.0,6.94,1.0,81.69,2.5,0.0,0.75
209906,209906,2,4.0,15.85,2.0,230,132,1,70.0,0.0,0.5,10.0,0.0,1.0,84.75,2.5,0.0,0.75
211027,211027,2,3.0,17.73,2.0,230,132,2,70.0,0.0,0.5,0.0,6.94,1.0,81.69,2.5,0.0,0.75
211380,211380,2,3.0,16.84,2.0,230,132,1,70.0,0.0,0.5,17.0,6.94,1.0,98.69,2.5,0.0,0.75
211404,211404,2,2.0,15.97,2.0,230,132,1,70.0,0.0,0.5,16.84,6.94,1.0,101.03,2.5,0.0,0.75
212755,212755,2,1.0,16.94,2.0,230,132,1,70.0,0.0,0.5,12.0,6.94,1.0,93.69,2.5,0.0,0.75
212809,212809,1,1.0,15.2,2.0,230,132,1,70.0,3.25,0.5,20.4,6.94,1.0,102.09,2.5,0.0,0.75
212833,212833,2,1.0,16.04,5.0,230,132,1,87.0,0.0,0.0,0.0,14.0,1.0,105.25,2.5,0.0,0.75
213735,213735,2,1.0,16.8,2.0,230,132,2,70.0,0.0,0.5,0.0,6.94,1.0,81.69,2.5,0.0,0.75
214023,214023,2,3.0,16.99,2.0,230,132,1,70.0,0.0,0.5,16.34,6.94,1.0,98.03,2.5,0.0,0.75
215848,215848,1,1.0,16.8,5.0,230,132,1,87.0,0.75,0.0,10.0,6.94,1.0,105.69,0.0,0.0,0.75
216248,216248,1,2.0,17.6,5.0,230,132,2,89.0,0.75,0.0,0.0,0.0,1.0,90.75,0.0,0.0,0.75
217357,217357,2,1.0,16.9,2.0,230,132,1,70.0,0.0,0.5,18.69,0.0,1.0,93.44,2.5,0.0,0.75
218483,218483,1,2.0,16.7,5.0,230,132,3,0.0,0.75,0.0,0.0,0.0,1.0,1.75,0.0,0.0,0.75
218597,218597,1,1.0,15.8,2.0,230,132,1,70.0,3.25,0.5,10.0,6.94,1.0,91.69,2.5,0.0,0.75
220322,220322,2,1.0,16.43,2.0,230,132,1,70.0,5.0,0.5,17.34,6.94,1.0,104.03,2.5,0.0,0.75
223346,223346,1,2.0,17.5,5.0,230,132,1,85.6,0.75,0.0,0.0,0.0,1.0,87.35,0.0,0.0,0.75
224648,224648,2,1.0,16.16,2.0,230,132,1,70.0,5.0,0.5,15.95,0.0,1.0,95.7,2.5,0.0,0.75
225261,225261,2,3.0,16.84,2.0,230,132,1,70.0,5.0,0.5,8.5,6.94,1.0,95.19,2.5,0.0,0.75
226104,226104,2,3.0,17.61,5.0,230,132,4,-90.0,0.0,0.0,0.0,-6.94,-1.0,-101.19,-2.5,0.0,-0.75
226105,226105,2,3.0,17.61,5.0,230,132,4,90.0,0.0,0.0,0.0,6.94,1.0,101.19,2.5,0.0,0.75
233329,233329,1,1.0,16.8,2.0,230,132,2,70.0,8.25,0.5,0.0,6.94,1.0,86.69,2.5,0.0,0.75
238381,238381,2,2.0,15.94,2.0,230,132,1,70.0,5.0,0.5,23.93,0.0,1.0,103.68,2.5,0.0,0.75
242039,242039,2,1.0,18.86,2.0,230,132,1,70.0,5.0,0.5,15.95,0.0,1.0,95.7,2.5,0.0,0.75
271609,271609,1,1.0,18.2,2.0,230,132,1,70.0,3.25,0.5,16.3,6.94,1.0,97.99,2.5,0.0,0.75
274335,274335,2,2.0,17.06,2.0,230,132,1,70.0,0.0,0.5,10.0,6.94,1.0,91.69,2.5,0.0,0.75
274434,274434,1,1.0,17.0,2.0,230,132,1,70.0,3.25,0.5,16.35,6.94,1.0,98.04,2.5,0.0,0.75
274447,274447,1,1.0,17.0,2.0,230,132,2,70.0,3.25,0.5,0.0,6.94,1.0,81.69,2.5,0.0,0.75
275072,275072,1,0.0,16.8,2.0,230,132,1,70.0,3.25,0.5,16.3,6.94,1.0,97.99,2.5,0.0,0.75
276167,276167,2,1.0,17.44,2.0,230,132,1,70.0,0.0,0.5,16.34,6.94,1.0,98.03,2.5,0.0,0.75
276670,276670,2,1.0,17.21,2.0,230,132,1,70.0,0.0,0.5,10.1,6.94,1.0,91.79,2.5,0.0,0.75
277968,277968,2,2.0,16.25,2.0,230,132,1,70.0,0.0,0.5,16.34,6.94,1.0,98.03,2.5,0.0,0.75
278618,278618,2,1.0,17.02,2.0,230,132,1,70.0,0.0,0.5,16.34,6.94,1.0,98.03,2.5,0.0,0.75
279056,279056,2,1.0,17.03,2.0,230,132,1,70.0,0.0,0.5,16.84,6.94,1.0,101.03,2.5,0.0,0.75
279774,279774,2,1.0,17.01,2.0,230,132,1,70.0,0.0,0.5,16.34,6.94,1.0,98.03,2.5,0.0,0.75
280060,280060,2,1.0,16.37,5.0,230,132,1,87.0,0.0,0.0,0.0,0.0,1.0,91.25,2.5,0.0,0.75
281478,281478,2,1.0,16.68,2.0,230,132,1,70.0,0.0,0.5,16.34,6.94,1.0,98.03,2.5,0.0,0.75
282443,282443,2,1.0,17.55,2.0,230,132,1,70.0,0.0,0.5,16.34,6.94,1.0,98.03,2.5,0.0,0.75
284217,284217,2,1.0,17.56,2.0,230,132,1,70.0,0.0,0.5,16.34,6.94,1.0,98.03,2.5,0.0,0.75
285575,285575,2,2.0,17.91,2.0,230,132,2,70.0,0.0,0.5,0.0,6.94,1.0,81.69,2.5,0.0,0.75
286740,286740,2,2.0,17.47,2.0,230,132,1,70.0,0.0,0.5,5.0,0.0,1.0,79.75,2.5,0.0,0.75
291200,291200,2,3.0,17.53,2.0,230,132,1,70.0,0.0,0.5,20.42,6.94,1.0,102.11,2.5,0.0,0.75
293362,293362,2,2.0,17.09,2.0,230,132,1,70.0,0.0,0.5,16.34,6.94,1.0,98.03,2.5,0.0,0.75
293415,293415,2,2.0,18.19,2.0,230,132,1,70.0,0.0,0.5,16.34,6.94,1.0,98.03,2.5,0.0,0.75
295952,295952,1,1.0,17.6,2.0,230,132,2,70.0,3.25,0.5,0.0,0.0,1.0,74.75,2.5,0.0,0.75
296304,296304,2,2.0,16.78,2.0,230,132,1,70.0,0.0,0.5,0.0,6.94,1.0,81.69,2.5,0.0,0.75
297183,297183,1,0.0,17.6,2.0,230,132,1,70.0,3.25,0.5,16.3,6.94,1.0,97.99,2.5,0.0,0.75
299106,299106,2,2.0,18.05,2.0,230,132,1,70.0,0.0,0.5,10.0,13.88,1.0,98.63,2.5,0.0,0.75
299685,299685,2,2.0,16.7,2.0,230,132,1,70.0,0.0,0.5,16.34,6.94,1.0,98.03,2.5,0.0,0.75
301734,301734,2,1.0,16.36,2.0,230,132,1,70.0,0.0,0.5,16.34,6.94,1.0,98.03,2.5,0.0,0.75
301767,301767,2,2.0,17.7,2.0,230,132,4,-70.0,0.0,-0.5,0.0,-6.94,-1.0,-81.69,-2.5,0.0,-0.75
301768,301768,2,2.0,17.7,2.0,230,132,4,70.0,0.0,0.5,0.0,6.94,1.0,81.69,2.5,0.0,0.75
302943,302943,2,1.0,16.57,2.0,230,132,1,70.0,0.0,0.5,14.95,0.0,1.0,89.7,2.5,0.0,0.75
304041,304041,2,2.0,17.75,2.0,230,132,1,70.0,0.0,0.5,16.34,6.94,1.0,98.03,2.5,0.0,0.75
304893,304893,1,1.0,17.1,2.0,230,132,1,70.0,3.25,0.5,16.35,6.94,1.0,98.04,2.5,0.0,0.75
306521,306521,2,1.0,19.49,2.0,230,132,1,70.0,0.0,0.5,16.34,6.94,1.0,98.03,2.5,0.0,0.75
307119,307119,1,1.0,14.6,5.0,230,132,1,84.0,0.75,0.0,10.0,0.0,1.0,95.75,0.0,0.0,0.75
307798,307798,2,1.0,17.6,2.0,230,132,1,70.0,0.0,0.5,16.34,6.94,1.0,98.03,2.5,0.0,0.75
308227,308227,1,1.0,16.6,2.0,230,132,2,70.0,3.25,0.5,0.0,6.94,1.0,81.69,2.5,0.0,0.75
310144,310144,2,1.0,17.24,2.0,230,132,1,70.0,0.0,0.5,5.0,6.94,1.0,86.69,2.5,0.0,0.75
310550,310550,2,3.0,17.59,2.0,230,132,2,70.0,0.0,0.5,0.0,6.94,1.0,81.69,2.5,0.0,0.75
311036,311036,2,2.0,16.92,2.0,230,132,1,70.0,0.0,0.5,10.0,6.94,1.0,91.69,2.5,0.0,0.75
311139,311139,2,2.0,16.72,2.0,230,132,1,70.0,0.0,0.5,0.01,6.94,1.0,81.7,2.5,0.0,0.75
312955,312955,1,2.0,4.5,2.0,230,132,2,70.0,3.25,0.5,0.0,6.94,1.0,81.69,2.5,0.0,0.75
313295,313295,2,2.0,17.78,2.0,230,132,2,70.0,0.0,0.5,0.0,0.0,1.0,76.5,2.5,1.75,0.75
313455,313455,1,1.0,17.1,2.0,230,132,1,70.0,3.25,0.5,16.35,6.94,1.0,98.04,2.5,0.0,0.75
313773,313773,2,2.0,16.92,2.0,230,132,2,70.0,0.0,0.5,0.0,6.94,1.0,81.69,2.5,0.0,0.75
313883,313883,2,2.0,17.21,2.0,230,132,1,70.0,0.0,0.5,0.0,6.94,1.0,81.69,2.5,0.0,0.75
314991,314991,2,2.0,16.55,2.0,230,132,1,70.0,0.0,0.5,16.34,6.94,1.0,98.03,2.5,0.0,0.75
315941,315941,2,1.0,17.3,2.0,230,132,1,70.0,0.0,0.5,15.45,0.0,1.0,92.7,2.5,0.0,0.75
316159,316159,2,2.0,15.09,2.0,230,132,2,70.0,0.0,0.5,0.0,6.94,1.0,81.69,2.5,0.0,0.75
317429,317429,2,1.0,19.18,2.0,230,132,1,70.0,0.0,0.5,16.34,6.94,1.0,98.03,2.5,0.0,0.75
317744,317744,2,1.0,17.98,2.0,230,132,1,70.0,0.0,0.5,10.0,6.94,1.0,91.69,2.5,0.0,0.75
318244,318244,1,2.0,17.4,5.0,230,132,1,85.69,0.75,0.0,10.0,0.0,1.0,97.44,0.0,0.0,0.75
319127,319127,2,4.0,16.53,2.0,230,132,1,70.0,0.0,0.5,10.0,6.94,1.0,91.69,2.5,0.0,0.75
319655,319655,2,1.0,16.04,5.0,230,132,1,90.0,0.0,0.0,17.29,21.0,1.0,132.54,2.5,0.0,0.75
320790,320790,2,3.0,18.98,2.0,230,132,2,70.0,0.0,0.5,0.0,0.94,1.0,75.69,2.5,0.0,0.75
321650,321650,2,2.0,15.06,2.0,230,132,1,70.0,0.0,0.5,14.95,0.0,1.0,89.7,2.5,0.0,0.75
322547,322547,1,1.0,15.4,5.0,230,132,1,85.0,0.75,0.0,17.35,0.0,1.0,104.1,0.0,0.0,0.75
323408,323408,2,2.0,18.87,2.0,230,132,1,70.0,0.0,0.5,16.84,6.94,1.0,101.03,2.5,0.0,0.75
324541,324541,2,2.0,16.29,2.0,230,132,2,70.0,0.0,0.5,0.0,6.94,1.0,81.69,2.5,0.0,0.75
325070,325070,1,1.0,15.0,5.0,230,132,1,86.0,0.75,0.0,17.55,0.0,1.0,105.3,0.0,0.0,0.75
326461,326461,2,2.0,17.76,2.0,230,132,1,70.0,0.0,0.5,16.34,6.94,1.0,98.03,2.5,0.0,0.75
326580,326580,2,1.0,22.45,2.0,230,132,1,70.0,0.0,0.5,16.34,6.94,1.0,98.03,2.5,0.0,0.75
326629,326629,2,1.0,18.03,2.0,230,132,1,70.0,0.0,0.5,16.34,6.94,1.0,98.03,2.5,0.0,0.75
327259,327259,2,2.0,17.77,2.0,230,132,2,70.0,0.0,0.5,0.0,6.94,1.0,81.69,2.5,0.0,0.75
327852,327852,2,1.0,16.47,2.0,230,132,1,70.0,0.0,0.5,16.34,6.94,1.0,98.03,2.5,0.0,0.75
329058,329058,2,2.0,22.01,2.0,230,132,1,70.0,5.0,0.5,19.94,0.0,1.0,99.69,2.5,0.0,0.75
330986,330986,2,1.0,14.59,2.0,230,132,1,70.0,5.0,0.5,17.34,6.94,1.0,104.03,2.5,0.0,0.75
331075,331075,1,2.0,16.3,2.0,230,132,1,70.0,8.25,0.5,17.3,6.94,1.0,103.99,2.5,0.0,0.75
333573,333573,2,2.0,18.48,2.0,230,132,1,70.0,5.0,0.5,17.34,6.94,1.0,104.03,2.5,0.0,0.75
334572,334572,2,1.0,18.89,2.0,230,132,1,70.0,5.0,0.5,20.0,6.94,1.0,106.69,2.5,0.0,0.75
335611,335611,1,1.0,25.0,2.0,230,132,1,70.0,8.25,0.5,17.3,6.94,1.0,103.99,2.5,0.0,0.75
335680,335680,2,3.0,15.46,5.0,230,132,1,94.0,0.0,0.0,0.0,6.94,1.0,105.19,2.5,0.0,0.75
336003,336003,2,1.0,16.19,2.0,230,132,1,70.0,5.0,0.5,22.0,6.94,1.0,108.69,2.5,0.0,0.75
336900,336900,2,1.0,17.38,2.0,230,132,2,70.0,5.0,0.5,0.0,6.94,1.0,86.69,2.5,0.0,0.75
337386,337386,2,2.0,17.49,2.0,230,132,1,70.0,5.0,0.5,0.0,6.94,1.0,86.69,2.5,0.0,0.75
337436,337436,2,2.0,17.13,2.0,230,132,1,70.0,5.0,0.5,17.34,6.94,1.0,104.03,2.5,0.0,0.75
337610,337610,2,2.0,16.74,2.0,230,132,1,70.0,5.0,0.5,3.0,0.0,1.0,82.75,2.5,0.0,0.75
339401,339401,2,2.0,15.69,2.0,230,132,1,70.0,5.0,0.5,10.0,6.94,1.0,96.69,2.5,0.0,0.75
339584,339584,2,3.0,17.09,2.0,230,132,1,70.0,5.0,0.5,17.34,6.94,1.0,104.03,2.5,0.0,0.75
343248,343248,2,1.0,17.12,2.0,230,132,1,70.0,5.0,0.5,17.19,6.94,1.0,103.88,2.5,0.0,0.75
343839,343839,2,1.0,16.44,2.0,230,132,1,70.0,5.0,0.5,2.0,6.94,1.0,88.69,2.5,0.0,0.75
350143,350143,2,1.0,16.54,2.0,230,132,1,70.0,5.0,0.5,10.0,6.94,1.0,95.94,2.5,0.0,0.0
353749,353749,1,1.0,17.7,2.0,230,132,1,70.0,8.25,0.5,0.0,6.94,1.0,86.69,2.5,0.0,0.75
355207,355207,1,1.0,17.6,2.0,230,132,1,70.0,8.25,0.5,17.35,6.94,1.0,104.04,2.5,0.0,0.75
359858,359858,2,2.0,16.96,2.0,230,132,1,70.0,5.0,0.5,19.94,0.0,1.0,99.69,2.5,0.0,0.75
364071,364071,2,3.0,18.47,2.0,230,132,1,70.0,0.0,0.5,16.34,6.94,1.0,98.03,2.5,0.0,0.75
366388,366388,2,2.0,16.3,2.0,230,132,1,70.0,0.0,0.5,14.95,0.0,1.0,89.7,2.5,0.0,0.75
368848,368848,2,1.0,17.9,2.0,230,132,1,70.0,0.0,0.5,16.34,6.94,1.0,98.03,2.5,0.0,0.75
376378,376378,1,3.0,17.6,2.0,230,132,1,70.0,3.25,0.5,8.0,0.0,1.0,82.75,2.5,0.0,0.75
392995,392995,1,1.0,16.6,2.0,230,132,1,70.0,3.25,0.5,14.95,0.0,1.0,89.7,2.5,0.0,0.75
393056,393056,1,1.0,17.9,2.0,230,132,1,70.0,3.25,0.5,14.95,0.0,1.0,89.7,2.5,0.0,0.75
393666,393666,1,1.0,16.9,2.0,230,132,2,70.0,3.25,0.5,0.0,6.94,1.0,81.69,2.5,0.0,0.75
393879,393879,1,1.0,17.7,5.0,230,132,2,87.0,0.75,0.0,0.0,6.94,1.0,95.69,0.0,0.0,0.75
394195,394195,2,2.0,17.13,2.0,230,132,1,70.0,0.0,0.5,16.34,6.94,1.0,98.03,2.5,0.0,0.75
394397,394397,2,1.0,18.72,2.0,230,132,1,70.0,0.0,0.5,16.19,6.94,1.0,97.88,2.5,0.0,0.75
394757,394757,2,1.0,16.85,2.0,230,132,1,70.0,0.0,0.5,16.34,6.94,1.0,98.03,2.5,0.0,0.75
395238,395238,2,2.0,18.62,2.0,230,132,1,70.0,0.0,0.5,20.42,6.94,1.0,102.11,2.5,0.0,0.75
395442,395442,2,2.0,16.79,2.0,230,132,1,70.0,0.0,0.5,24.51,6.94,1.0,106.2,2.5,0.0,0.75
395676,395676,2,2.0,15.69,5.0,230,132,1,110.0,0.0,0.0,0.0,6.94,1.0,121.19,2.5,0.0,0.75
397480,397480,1,1.0,16.4,5.0,230,132,1,87.0,0.75,0.0,19.15,6.94,1.0,114.84,0.0,0.0,0.75
397769,397769,2,4.0,17.29,2.0,230,132,2,70.0,0.0,0.5,0.0,6.94,1.0,81.69,2.5,0.0,0.75
398845,398845,2,1.0,17.76,2.0,230,132,1,70.0,0.0,0.5,16.34,6.94,1.0,98.03,2.5,0.0,0.75
399752,399752,2,1.0,16.8,2.0,230,132,1,70.0,0.0,0.5,7.0,6.94,1.0,88.69,2.5,0.0,0.75
400999,400999,2,2.0,18.17,2.0,230,132,2,70.0,0.0,0.5,0.0,6.94,1.0,81.69,2.5,0.0,0.75
401979,401979,2,1.0,18.75,2.0,230,132,1,70.0,0.0,0.5,16.34,6.94,1.0,98.03,2.5,0.0,0.75
402248,402248,2,2.0,16.55,2.0,230,132,1,70.0,0.0,0.5,16.34,6.94,1.0,98.03,2.5,0.0,0.75
402372,402372,2,1.0,16.64,5.0,230,132,1,90.0,0.0,0.0,15.0,6.94,1.0,116.19,2.5,0.0,0.75
402674,402674,2,1.0,17.33,2.0,230,132,2,70.0,0.0,0.5,0.0,6.94,1.0,81.69,2.5,0.0,0.75
402676,402676,1,2.0,16.8,5.0,230,132,1,90.0,0.75,0.0,27.5,0.0,1.0,119.25,0.0,0.0,0.75
402747,402747,2,1.0,16.3,2.0,230,132,1,70.0,0.0,0.5,14.95,0.0,1.0,89.7,2.5,0.0,0.75
403504,403504,2,2.0,16.85,2.0,230,132,2,70.0,0.0,0.5,0.0,6.94,1.0,81.69,2.5,0.0,0.75
406561,406561,2,1.0,25.8,5.0,230,132,1,85.0,0.0,0.0,17.85,0.0,1.0,107.1,2.5,0.0,0.75
406967,406967,2,2.0,19.8,2.0,230,132,1,70.0,0.0,0.5,22.44,15.0,1.0,112.19,2.5,0.0,0.75
411676,411676,1,1.0,16.2,2.0,230,132,1,70.0,3.25,0.5,14.95,0.0,1.0,89.7,2.5,0.0,0.75
412490,412490,2,1.0,20.62,3.0,230,132,4,106.3,0.0,0.0,0.0,6.94,1.0,114.99,0.0,0.0,0.75
412794,412794,2,1.0,17.61,2.0,230,132,1,70.0,0.0,0.5,15.0,6.94,1.0,96.69,2.5,0.0,0.75
412818,412818,2,2.0,17.04,2.0,230,132,1,70.0,0.0,0.5,10.0,6.94,1.0,91.69,2.5,0.0,0.75
415944,415944,2,2.0,17.6,2.0,230,132,2,70.0,0.0,0.5,0.0,13.88,1.0,88.63,2.5,0.0,0.75
416276,416276,2,4.0,16.97,5.0,230,132,1,85.0,0.0,0.0,10.0,0.0,1.0,99.25,2.5,0.0,0.75
416345,416345,2,1.0,15.77,2.0,230,132,1,70.0,0.0,0.5,16.34,6.94,1.0,98.03,2.5,0.0,0.75
417148,417148,2,3.0,18.13,2.0,230,132,2,70.0,0.0,0.5,0.0,6.94,1.0,81.69,2.5,0.0,0.75
417432,417432,2,2.0,17.35,2.0,230,132,1,70.0,0.0,0.5,16.34,6.94,1.0,98.03,2.5,0.0,0.75
417644,417644,2,3.0,17.57,2.0,230,132,1,70.0,0.0,0.5,16.34,6.94,1.0,99.78,2.5,1.75,0.75
418093,418093,2,2.0,17.42,2.0,230,132,2,70.0,0.0,0.5,0.0,6.94,1.0,81.69,2.5,0.0,0.75
418094,418094,2,1.0,17.96,2.0,230,132,4,-70.0,0.0,-0.5,0.0,-6.94,-1.0,-81.69,-2.5,0.0,-0.75
418095,418095,2,1.0,17.96,2.0,230,132,4,70.0,0.0,0.5,0.0,6.94,1.0,81.69,2.5,0.0,0.75
418886,418886,2,2.0,16.66,2.0,230,132,1,70.0,0.0,0.5,5.0,6.94,1.0,86.69,2.5,0.0,0.75
419421,419421,2,1.0,17.1,2.0,230,132,1,70.0,0.0,0.5,16.34,6.94,1.0,98.03,2.5,0.0,0.75
419537,419537,1,1.0,16.3,2.0,230,132,2,70.0,3.25,0.5,0.0,6.94,1.0,81.69,2.5,0.0,0.75
420575,420575,2,1.0,17.86,2.0,230,132,1,70.0,0.0,0.5,16.34,6.94,1.0,98.03,2.5,0.0,0.75
420930,420930,2,1.0,17.12,2.0,230,132,1,70.0,0.0,0.5,16.34,6.94,1.0,98.03,2.5,0.0,0.75
421861,421861,2,1.0,16.21,2.0,230,132,1,70.0,0.0,0.5,16.34,6.94,1.0,98.03,2.5,0.0,0.75
422066,422066,2,1.0,17.55,2.0,230,132,1,70.0,0.0,0.5,16.34,6.94,1.0,98.03,2.5,0.0,0.75
422450,422450,2,1.0,18.14,2.0,230,132,1,70.0,0.0,0.5,16.34,6.94,1.0,98.03,2.5,0.0,0.75
422634,422634,2,1.0,16.11,5.0,230,132,1,90.0,0.0,0.0,10.0,14.69,1.0,118.94,2.5,0.0,0.75
422967,422967,2,2.0,17.03,2.0,230,132,1,70.0,0.0,0.5,16.34,6.94,1.0,98.03,2.5,0.0,0.75
423312,423312,1,1.0,16.8,2.0,230,132,1,70.0,3.25,0.5,20.4,6.94,1.0,102.09,2.5,0.0,0.75
423569,423569,2,1.0,16.5,2.0,230,132,1,70.0,0.0,0.5,16.34,6.94,1.0,98.03,2.5,0.0,0.75
424065,424065,2,2.0,17.84,2.0,230,132,2,70.0,0.0,0.5,0.0,0.0,1.0,74.75,2.5,0.0,0.75
424247,424247,1,1.0,15.9,2.0,230,132,1,70.0,3.25,0.5,10.0,6.94,1.0,91.69,2.5,0.0,0.75
424419,424419,2,2.0,18.19,2.0,230,132,2,70.0,0.0,0.5,0.0,6.94,1.0,81.69,2.5,0.0,0.75
426036,426036,1,2.0,16.6,2.0,230,132,1,70.0,3.25,0.5,0.0,6.94,1.0,81.69,2.5,0.0,0.75
426585,426585,2,2.0,16.47,2.0,230,132,1,70.0,0.0,0.5,20.42,6.94,1.0,102.11,2.5,0.0,0.75
427180,427180,1,1.0,16.0,2.0,230,132,1,70.0,3.25,0.5,16.35,6.94,1.0,98.04,2.5,0.0,0.75
427774,427774,2,2.0,15.96,2.0,230,132,1,70.0,0.0,0.5,14.95,0.0,1.0,89.7,2.5,0.0,0.75
429537,429537,2,4.0,16.59,5.0,230,132,1,95.0,0.0,0.0,21.24,6.94,1.0,127.43,2.5,0.0,0.75
429917,429917,2,1.0,17.36,2.0,230,132,2,70.0,0.0,0.5,0.0,6.94,1.0,81.69,2.5,0.0,0.75
433237,433237,1,2.0,15.7,5.0,230,132,1,86.0,0.75,0.0,17.55,0.0,1.0,105.3,0.0,0.0,0.75
433239,433239,2,1.0,17.48,2.0,230,132,1,70.0,0.0,0.5,12.0,6.94,1.0,93.69,2.5,0.0,0.75
433638,433638,2,1.0,17.65,2.0,230,132,1,70.0,0.0,0.5,20.42,6.94,1.0,102.11,2.5,0.0,0.75
433935,433935,2,2.0,17.51,2.0,230,132,1,70.0,0.0,0.5,16.34,6.94,1.0,98.03,2.5,0.0,0.75
434534,434534,1,1.0,16.9,2.0,230,132,1,70.0,3.25,0.5,16.35,6.94,1.0,98.04,2.5,0.0,0.75
434812,434812,2,1.0,17.79,2.0,230,132,1,70.0,0.0,0.5,16.34,6.94,1.0,98.03,2.5,0.0,0.75
436259,436259,2,1.0,7.92,2.0,230,132,1,70.0,0.0,0.5,16.34,6.94,1.0,98.03,2.5,0.0,0.75
436634,436634,1,1.0,14.6,5.0,230,132,1,85.0,0.75,0.0,19.75,11.94,1.0,118.44,0.0,0.0,0.75
438047,438047,1,1.0,17.5,2.0,230,132,1,70.0,3.25,0.5,0.0,6.94,1.0,81.69,2.5,0.0,0.75
439605,439605,2,4.0,17.96,2.0,230,132,1,70.0,0.0,0.5,0.0,6.94,1.0,81.69,2.5,0.0,0.75
440232,440232,2,1.0,21.7,2.0,230,132,2,70.0,0.0,0.5,0.0,6.94,1.0,81.69,2.5,0.0,0.75
441086,441086,2,1.0,15.31,5.0,230,132,1,87.0,0.0,0.0,18.25,0.0,1.0,109.5,2.5,0.0,0.75
441226,441226,1,2.0,18.9,2.0,230,132,2,70.0,3.25,0.5,0.0,6.94,1.0,81.69,2.5,0.0,0.75
442324,442324,2,4.0,16.1,2.0,230,132,4,-70.0,0.0,-0.5,0.0,-6.94,-1.0,-81.69,-2.5,0.0,-0.75
442325,442325,2,4.0,16.1,2.0,230,132,4,70.0,0.0,0.5,0.0,6.94,1.0,81.69,2.5,0.0,0.75
442529,442529,1,1.0,17.2,5.0,230,132,1,90.0,0.75,0.0,18.35,0.0,1.0,110.1,0.0,0.0,0.75
442955,442955,2,3.0,18.15,5.0,230,132,1,85.0,0.0,0.0,0.0,0.0,1.0,89.25,2.5,0.0,0.75
446216,446216,2,1.0,16.74,2.0,230,132,2,70.0,5.0,0.5,0.0,6.94,1.0,86.69,2.5,0.0,0.75
446239,446239,2,1.0,15.95,2.0,230,132,1,70.0,5.0,0.5,10.0,0.0,1.0,89.75,2.5,0.0,0.75
446800,446800,1,1.0,15.3,2.0,230,132,1,70.0,8.25,0.5,17.35,6.94,1.0,104.04,2.5,0.0,0.75
448092,448092,2,2.0,17.66,2.0,230,132,2,70.0,5.0,0.5,0.0,6.94,1.0,86.69,2.5,0.0,0.75
448778,448778,2,1.0,16.12,5.0,230,132,1,90.0,0.0,0.0,22.24,16.96,1.0,133.45,2.5,0.0,0.75
450150,450150,2,2.0,16.57,2.0,230,132,1,70.0,5.0,0.5,17.34,6.94,1.0,104.03,2.5,0.0,0.75
450934,450934,2,1.0,21.11,2.0,230,132,1,70.0,5.0,0.5,21.67,6.94,1.0,108.36,2.5,0.0,0.75
455295,455295,2,1.0,17.9,2.0,230,132,1,70.0,5.0,0.5,17.34,6.94,1.0,104.03,2.5,0.0,0.75
457736,457736,2,1.0,16.43,5.0,230,132,1,120.0,0.0,0.0,24.85,0.0,1.0,149.1,2.5,0.0,0.75
459681,459681,2,3.0,14.8,2.0,230,132,2,70.0,5.0,0.5,0.0,6.94,1.0,86.69,2.5,0.0,0.75
460766,460766,2,3.0,17.41,2.0,230,132,1,70.0,5.0,0.5,10.0,6.94,1.0,96.69,2.5,0.0,0.75
470518,470518,2,4.0,17.83,2.0,230,132,1,70.0,5.0,0.5,17.34,6.94,1.0,104.03,2.5,0.0,0.75
478703,478703,2,2.0,16.23,5.0,230,132,1,125.0,0.0,0.0,27.24,6.94,1.0,163.43,2.5,0.0,0.75
481971,481971,2,1.0,16.26,2.0,230,132,1,70.0,0.0,0.5,16.34,6.94,1.0,98.03,2.5,0.0,0.75
485597,485597,1,1.0,17.6,2.0,230,132,1,70.0,3.25,0.5,20.4,6.94,1.0,102.09,2.5,0.0,0.75
493850,493850,2,1.0,17.81,2.0,230,132,2,70.0,0.0,0.5,0.0,6.94,1.0,81.69,2.5,0.0,0.75
510565,510565,2,1.0,17.04,2.0,230,132,1,70.0,0.0,0.5,16.84,6.94,1.0,101.03,2.5,0.0,0.75
511073,511073,2,1.0,17.27,2.0,230,132,2,70.0,0.0,0.5,0.0,6.94,1.0,81.69,2.5,0.0,0.75
511155,511155,2,2.0,17.68,2.0,230,132,1,70.0,0.0,0.5,5.0,6.94,1.0,86.69,2.5,0.0,0.75
511270,511270,2,4.0,14.02,5.0,230,132,1,85.0,0.0,0.0,17.85,0.0,1.0,107.1,2.5,0.0,0.75
511329,511329,1,1.0,17.3,2.0,230,132,1,70.0,3.25,0.5,20.4,6.94,1.0,102.09,2.5,0.0,0.75
512048,512048,2,2.0,1.12,5.0,230,132,1,85.62,0.0,0.0,5.0,6.94,1.0,101.81,2.5,0.0,0.75
512517,512517,2,2.0,16.84,2.0,230,132,1,70.0,0.0,0.5,12.0,6.94,1.0,93.69,2.5,0.0,0.75
512709,512709,2,2.0,18.08,2.0,230,132,1,70.0,0.0,0.5,2.0,6.94,1.0,83.69,2.5,0.0,0.75
513223,513223,2,1.0,17.86,2.0,230,132,1,70.0,0.0,0.5,30.0,0.0,1.0,104.75,2.5,0.0,0.75
513426,513426,2,2.0,17.26,1.0,230,132,4,-65.3,0.0,-0.5,0.0,0.0,-1.0,-70.05,-2.5,0.0,-0.75
513427,513427,2,2.0,17.26,1.0,230,132,4,65.3,0.0,0.5,0.0,0.0,1.0,70.05,2.5,0.0,0.75
513893,513893,2,3.0,17.52,2.0,230,132,1,70.0,0.0,0.5,16.34,6.94,1.0,98.03,2.5,0.0,0.75
514117,514117,2,2.0,16.47,2.0,230,132,1,70.0,0.0,0.5,16.34,6.94,1.0,98.03,2.5,0.0,0.75
514601,514601,2,1.0,17.69,2.0,230,132,1,70.0,0.0,0.5,14.95,0.0,1.0,89.7,2.5,0.0,0.75
514627,514627,2,1.0,17.31,2.0,230,132,1,70.0,0.0,0.5,16.34,6.94,1.0,98.03,2.5,0.0,0.75
515318,515318,2,2.0,17.12,2.0,230,132,1,70.0,0.0,0.5,16.34,6.94,1.0,98.03,2.5,0.0,0.75
515411,515411,2,2.0,17.53,2.0,230,132,1,70.0,0.0,0.5,12.0,6.94,1.0,93.69,2.5,0.0,0.75
515845,515845,2,2.0,22.04,2.0,230,132,1,70.0,0.0,0.5,5.0,6.94,1.0,86.69,2.5,0.0,0.75
516740,516740,2,2.0,17.38,2.0,230,132,1,70.0,0.0,0.5,16.34,6.94,1.0,98.03,2.5,0.0,0.75
518331,518331,2,2.0,18.48,2.0,230,132,1,70.0,0.0,0.5,15.81,6.94,1.0,100.0,2.5,0.0,0.75
518381,518381,2,2.0,19.03,2.0,230,132,1,70.0,0.0,0.5,16.34,6.94,1.0,98.03,2.5,0.0,0.75
519364,519364,2,2.0,17.3,2.0,230,132,1,70.0,0.0,0.5,0.0,6.94,1.0,81.69,2.5,0.0,0.75
520250,520250,2,2.0,17.11,2.0,230,132,1,70.0,0.0,0.5,24.51,6.94,1.0,106.2,2.5,0.0,0.75
520733,520733,2,2.0,16.18,2.0,230,132,1,70.0,0.0,0.5,16.34,6.94,1.0,98.03,2.5,0.0,0.75
520958,520958,2,4.0,18.23,2.0,230,132,1,70.0,0.0,0.5,16.34,6.94,1.0,98.03,2.5,0.0,0.75
521306,521306,2,1.0,18.4,2.0,230,132,1,70.0,0.0,0.5,16.34,6.94,1.0,98.03,2.5,0.0,0.75
521942,521942,2,1.0,17.88,2.0,230,132,1,70.0,0.0,0.5,0.0,6.94,1.0,81.69,2.5,0.0,0.75
526916,526916,2,1.0,17.99,5.0,230,132,1,81.0,0.0,0.0,18.44,6.94,1.0,110.63,2.5,0.0,0.75
527002,527002,2,3.0,17.54,2.0,230,132,1,70.0,0.0,0.5,4.0,13.88,1.0,92.63,2.5,0.0,0.75
527292,527292,2,1.0,21.65,2.0,230,132,2,70.0,0.0,0.5,0.0,0.0,1.0,74.75,2.5,0.0,0.75
527343,527343,2,2.0,18.46,2.0,230,132,1,70.0,0.0,0.5,0.0,6.94,1.0,81.69,2.5,0.0,0.75
527419,527419,2,1.0,16.51,2.0,230,132,2,70.0,0.0,0.5,0.0,6.94,1.0,81.69,2.5,0.0,0.75
527856,527856,2,2.0,17.45,2.0,230,132,1,70.0,0.0,0.5,16.34,6.94,1.0,98.03,2.5,0.0,0.75
528262,528262,1,2.0,16.8,2.0,230,132,1,70.0,3.25,0.5,5.0,6.94,1.0,86.69,2.5,0.0,0.75
528745,528745,2,2.0,18.87,2.0,230,132,1,70.0,0.0,0.5,16.34,6.94,1.0,98.03,2.5,0.0,0.75
531257,531257,2,2.0,22.28,2.0,230,132,2,70.0,0.0,0.5,0.0,6.94,1.0,81.69,2.5,0.0,0.75
531347,531347,2,2.0,21.12,2.0,230,132,1,70.0,0.0,0.5,16.34,6.94,1.0,98.03,2.5,0.0,0.75
531777,531777,2,1.0,21.09,2.0,230,132,2,70.0,0.0,0.5,0.0,6.94,1.0,81.69,2.5,0.0,0.75
532279,532279,2,1.0,17.75,2.0,230,132,1,70.0,0.0,0.5,2.0,6.94,1.0,83.69,2.5,0.0,0.75
535061,535061,2,2.0,17.39,2.0,230,132,1,70.0,0.0,0.5,9.0,6.94,1.0,90.69,2.5,0.0,0.75
538545,538545,2,1.0,21.19,2.0,230,132,1,70.0,0.0,0.5,16.34,6.94,1.0,98.03,2.5,0.0,0.75
539143,539143,2,3.0,21.67,2.0,230,132,2,70.0,0.0,0.5,0.0,6.94,1.0,84.19,2.5,0.0,0.75
539548,539548,2,2.0,17.85,2.0,230,132,1,70.0,0.0,0.5,16.34,6.94,1.0,98.03,2.5,0.0,0.75
540737,540737,2,2.0,20.81,2.0,230,132,1,70.0,0.0,0.5,16.34,6.94,1.0,98.03,2.5,0.0,0.75
541735,541735,2,2.0,17.5,2.0,230,132,2,70.0,0.0,0.5,0.0,6.94,1.0,81.69,2.5,0.0,0.75
542546,542546,2,1.0,17.31,2.0,230,132,1,70.0,0.0,0.5,0.0,6.94,1.0,81.69,2.5,0.0,0.75
543260,543260,1,1.0,17.5,2.0,230,132,1,70.0,3.25,0.5,24.5,6.94,1.0,106.19,2.5,0.0,0.75
544130,544130,1,2.0,21.7,5.0,230,132,1,80.0,0.75,0.0,5.0,0.0,1.0,86.75,0.0,0.0,0.75
544226,544226,2,2.0,16.71,2.0,230,132,1,70.0,0.0,0.5,16.84,6.94,1.0,101.03,2.5,0.0,0.75
544487,544487,2,3.0,17.22,3.0,230,132,2,-94.4,0.0,0.0,0.0,-18.88,-1.0,-115.03,0.0,0.0,-0.75
544488,544488,2,3.0,17.22,3.0,230,132,2,94.4,0.0,0.0,0.0,18.88,1.0,115.03,0.0,0.0,0.75
544591,544591,2,4.0,23.17,2.0,230,132,1,70.0,0.0,0.5,35.0,6.94,1.0,116.69,2.5,0.0,0.75
545384,545384,1,1.0,16.1,2.0,230,132,1,70.0,3.25,0.5,14.95,0.0,1.0,89.7,2.5,0.0,0.75
545707,545707,2,3.0,17.54,2.0,230,132,1,70.0,0.0,0.5,5.0,6.94,1.0,86.69,2.5,0.0,0.75
547216,547216,2,2.0,17.1,2.0,230,132,1,70.0,0.0,0.5,8.17,6.94,1.0,89.86,2.5,0.0,0.75
549410,549410,1,3.0,22.5,5.0,230,132,2,85.69,0.75,0.0,0.0,0.0,1.0,87.44,0.0,0.0,0.75
550323,550323,2,2.0,16.95,2.0,230,132,1,70.0,0.0,0.5,0.0,6.94,1.0,81.69,2.5,0.0,0.75
551078,551078,2,2.0,16.92,5.0,230,132,1,86.0,0.0,0.0,0.0,0.0,1.0,90.25,2.5,0.0,0.75
551619,551619,2,2.0,17.65,5.0,230,132,3,-85.0,0.0,0.0,0.0,0.0,-1.0,-89.25,-2.5,0.0,-0.75
551620,551620,2,2.0,17.65,5.0,230,132,3,85.0,0.0,0.0,0.0,0.0,1.0,89.25,2.5,0.0,0.75
554355,554355,2,2.0,17.12,2.0,230,132,1,70.0,0.0,0.5,20.42,6.94,1.0,102.11,2.5,0.0,0.75
555458,555458,2,2.0,18.4,2.0,230,132,1,70.0,0.0,0.5,10.0,6.94,1.0,91.69,2.5,0.0,0.75
556309,556309,2,2.0,16.66,2.0,230,132,1,70.0,0.0,0.5,16.34,6.94,1.0,98.03,2.5,0.0,0.75
558104,558104,2,1.0,16.76,2.0,230,132,1,70.0,0.0,0.5,16.19,6.94,1.0,97.13,2.5,0.0,0.0
558392,558392,2,2.0,18.22,2.0,230,132,1,70.0,0.0,0.5,16.34,6.94,1.0,98.03,2.5,0.0,0.75
558924,558924,1,1.0,16.4,2.0,230,132,1,70.0,3.25,0.5,9.0,6.94,1.0,90.69,2.5,0.0,0.75
559312,559312,2,2.0,17.56,2.0,230,132,1,70.0,0.0,0.5,16.34,6.94,1.0,98.03,2.5,0.0,0.75
560566,560566,2,4.0,16.57,2.0,230,132,1,70.0,0.0,0.5,10.0,6.94,1.0,91.69,2.5,0.0,0.75
561522,561522,2,2.0,17.74,2.0,230,132,1,70.0,0.0,0.5,8.0,6.94,1.0,89.69,2.5,0.0,0.75
562098,562098,2,1.0,18.38,2.0,230,132,2,70.0,0.0,0.5,0.0,6.94,1.0,81.69,2.5,0.0,0.75
563494,563494,2,1.0,17.31,2.0,230,132,4,-70.0,0.0,-0.5,0.0,-6.94,-1.0,-81.69,-2.5,0.0,-0.75
563495,563495,2,1.0,17.31,2.0,230,132,4,70.0,0.0,0.5,0.0,6.94,1.0,81.69,2.5,0.0,0.75
565572,565572,2,2.0,16.85,2.0,230,132,1,70.0,0.0,0.5,14.95,0.0,1.0,89.7,2.5,0.0,0.75
567784,567784,2,3.0,22.91,2.0,230,132,4,-70.0,0.0,-0.5,0.0,-6.94,-1.0,-81.69,-2.5,0.0,-0.75
567785,567785,2,3.0,22.91,2.0,230,132,4,70.0,0.0,0.5,0.0,6.94,1.0,81.69,2.5,0.0,0.75
572627,572627,2,4.0,17.58,1.0,230,132,2,77.9,0.0,0.5,0.0,6.94,1.0,89.59,2.5,0.0,0.75
576057,576057,2,1.0,16.92,2.0,230,132,1,70.0,0.0,0.5,16.34,6.94,1.0,98.03,2.5,0.0,0.75
580244,580244,2,1.0,15.59,5.0,230,132,1,87.0,0.0,0.0,23.81,6.94,1.0,122.0,2.5,0.0,0.75
587208,587208,2,1.0,16.78,2.0,230,132,1,70.0,0.0,0.5,3.0,6.94,1.0,84.69,2.5,0.0,0.75
593206,593206,2,1.0,17.94,2.0,230,132,1,70.0,0.0,0.5,16.34,6.94,1.0,98.03,2.5,0.0,0.75
595849,595849,1,2.0,16.6,2.0,230,132,1,70.0,3.25,0.5,0.0,6.94,1.0,81.69,2.5,0.0,0.75
610564,610564,2,2.0,17.09,2.0,230,132,1,70.0,0.0,0.5,16.34,6.94,1.0,98.03,2.5,0.0,0.75
612245,612245,2,2.0,18.06,2.0,230,132,2,70.0,0.0,0.5,0.0,6.94,1.0,81.69,2.5,0.0,0.75
614107,614107,1,2.0,17.9,2.0,230,132,2,70.0,3.25,0.5,0.0,6.94,1.0,81.69,2.5,0.0,0.75
614251,614251,2,4.0,18.5,2.0,230,132,1,70.0,0.0,0.5,24.28,6.94,1.0,105.97,2.5,0.0,0.75
614487,614487,2,3.0,17.34,2.0,230,132,1,70.0,0.0,0.5,16.34,6.94,1.0,98.03,2.5,0.0,0.75
614562,614562,1,1.0,16.8,5.0,230,132,3,85.0,0.75,0.0,0.0,6.94,1.0,93.69,0.0,0.0,0.75
614681,614681,2,1.0,17.69,2.0,230,132,1,70.0,0.0,0.5,0.0,6.94,1.0,81.69,2.5,0.0,0.75
615036,615036,2,1.0,18.25,2.0,230,132,1,70.0,0.0,0.5,16.34,6.94,1.0,98.03,2.5,0.0,0.75
615327,615327,2,2.0,17.11,2.0,230,132,2,70.0,0.0,0.5,0.0,6.94,1.0,81.69,2.5,0.0,0.75
615768,615768,2,2.0,17.58,2.0,230,132,1,70.0,0.0,0.5,16.34,6.94,1.0,98.03,2.5,0.0,0.75
616021,616021,2,1.0,19.1,2.0,230,132,1,70.0,0.0,0.5,16.34,6.94,1.0,98.03,2.5,0.0,0.75
616212,616212,2,2.0,18.03,2.0,230,132,1,70.0,0.0,0.5,16.34,6.94,1.0,98.03,2.5,0.0,0.75
616543,616543,2,2.0,17.34,2.0,230,132,1,70.0,0.0,0.5,16.34,6.94,1.0,98.03,2.5,0.0,0.75
617812,617812,2,2.0,14.73,2.0,230,132,1,70.0,0.0,0.5,16.34,6.94,1.0,98.03,2.5,0.0,0.75
618342,618342,2,1.0,20.65,2.0,230,132,1,70.0,0.0,0.5,18.69,0.0,1.0,93.44,2.5,0.0,0.75
618654,618654,2,1.0,17.49,2.0,230,132,1,70.0,0.0,0.5,0.0,0.0,1.0,74.75,2.5,0.0,0.75
618799,618799,2,2.0,17.1,2.0,230,132,1,70.0,0.0,0.5,14.95,0.0,1.0,89.7,2.5,0.0,0.75
618829,618829,2,2.0,17.71,2.0,230,132,1,70.0,0.0,0.5,16.34,6.94,1.0,98.03,2.5,0.0,0.75
619303,619303,2,1.0,21.33,2.0,230,132,1,70.0,0.0,0.5,16.34,6.94,1.0,98.03,2.5,0.0,0.75
619506,619506,2,1.0,17.54,2.0,230,132,1,70.0,0.0,0.5,16.34,6.94,1.0,98.03,2.5,0.0,0.75
619826,619826,2,2.0,17.84,2.0,230,132,1,70.0,0.0,0.5,0.0,6.94,1.0,81.69,2.5,0.0,0.75
619879,619879,2,1.0,16.99,2.0,230,132,1,70.0,0.0,0.5,16.34,6.94,1.0,98.03,2.5,0.0,0.75
620355,620355,2,4.0,17.77,2.0,230,132,1,70.0,0.0,0.5,16.34,6.94,1.0,98.03,2.5,0.0,0.75
620461,620461,1,1.0,17.1,2.0,230,132,1,70.0,3.25,0.5,5.0,6.94,1.0,86.69,2.5,0.0,0.75
620526,620526,2,2.0,17.11,2.0,230,132,1,70.0,0.0,0.5,16.34,6.94,1.0,98.03,2.5,0.0,0.75
621204,621204,1,1.0,16.6,2.0,230,132,1,70.0,3.25,0.5,16.35,6.94,1.0,98.04,2.5,0.0,0.75
621500,621500,1,2.0,18.4,2.0,230,132,2,70.0,3.25,0.5,0.0,0.0,1.0,74.75,2.5,0.0,0.75
621563,621563,2,1.0,17.44,2.0,230,132,1,70.0,0.0,0.5,16.34,6.94,1.0,98.03,2.5,0.0,0.75
622919,622919,2,2.0,17.24,2.0,230,132,1,70.0,0.0,0.5,10.0,6.94,1.0,91.69,2.5,0.0,0.75
623309,623309,2,2.0,16.88,2.0,230,132,1,70.0,0.0,0.5,16.34,6.94,1.0,98.03,2.5,0.0,0.75
623483,623483,2,4.0,16.91,2.0,230,132,1,70.0,0.0,0.5,0.0,6.94,1.0,81.69,2.5,0.0,0.75
624701,624701,2,3.0,17.45,2.0,230,132,2,70.0,0.0,0.5,0.0,6.94,1.0,81.69,2.5,0.0,0.75
624848,624848,2,4.0,17.64,2.0,230,132,1,70.0,0.0,0.5,16.34,6.94,1.0,98.03,2.5,0.0,0.75
625114,625114,2,2.0,16.89,2.0,230,132,2,-70.0,0.0,-0.5,0.0,-6.94,-1.0,-81.69,-2.5,0.0,-0.75
625115,625115,2,2.0,16.89,2.0,230,132,2,70.0,0.0,0.5,0.0,6.94,1.0,81.69,2.5,0.0,0.75
625240,625240,2,1.0,16.98,2.0,230,132,1,70.0,0.0,0.5,5.0,6.94,1.0,86.69,2.5,0.0,0.75
625711,625711,2,2.0,16.8,2.0,230,132,1,70.0,0.0,0.5,5.0,6.94,1.0,86.69,2.5,0.0,0.75
626341,626341,2,2.0,18.57,2.0,230,132,1,70.0,0.0,0.5,0.0,6.94,1.0,81.69,2.5,0.0,0.75
626604,626604,2,2.0,17.48,2.0,230,132,1,70.0,0.0,0.5,20.42,6.94,1.0,102.11,2.5,0.0,0.75
626977,626977,2,2.0,21.4,2.0,230,132,1,70.0,0.0,0.5,16.34,6.94,1.0,98.03,2.5,0.0,0.75
628450,628450,2,1.0,21.65,2.0,230,132,1,70.0,0.0,0.5,20.42,6.94,1.0,102.11,2.5,0.0,0.75
629207,629207,2,2.0,17.92,2.0,230,132,1,70.0,0.0,0.5,5.0,6.94,1.0,86.69,2.5,0.0,0.75
629969,629969,2,2.0,16.94,2.0,230,132,1,70.0,0.0,0.5,6.0,6.94,1.0,87.69,2.5,0.0,0.75
630308,630308,2,3.0,16.91,5.0,230,132,1,100.0,0.0,0.0,22.24,6.94,1.0,133.43,2.5,0.0,0.75
632578,632578,2,3.0,18.56,2.0,230,132,2,70.0,0.0,0.5,0.0,6.94,1.0,81.69,2.5,0.0,0.75
633237,633237,2,1.0,17.62,2.0,230,132,2,70.0,0.0,0.5,0.0,6.94,1.0,81.69,2.5,0.0,0.75
633800,633800,2,1.0,19.48,2.0,230,132,1,70.0,0.0,0.5,0.0,6.94,1.0,81.69,2.5,0.0,0.75
634514,634514,2,3.0,17.58,2.0,230,132,1,70.0,0.0,0.5,5.0,6.94,1.0,86.69,2.5,0.0,0.75
634932,634932,2,2.0,17.85,2.0,230,132,1,70.0,0.0,0.5,16.34,6.94,1.0,98.03,2.5,0.0,0.75
635486,635486,2,1.0,16.98,2.0,230,132,1,70.0,0.0,0.5,1.0,6.94,1.0,82.69,2.5,0.0,0.75
636100,636100,1,1.0,16.5,5.0,230,132,1,95.0,0.75,0.0,20.0,16.06,1.0,132.81,0.0,0.0,0.75
638403,638403,2,2.0,16.77,2.0,230,132,1,70.0,0.0,0.5,20.42,6.94,1.0,102.11,2.5,0.0,0.75
639101,639101,1,4.0,18.2,5.0,230,132,2,85.69,0.75,0.0,0.0,0.0,1.0,87.44,0.0,0.0,0.75
639501,639501,2,2.0,15.76,2.0,230,132,1,70.0,0.0,0.5,16.34,6.94,1.0,98.03,2.5,0.0,0.75
640814,640814,1,1.0,17.3,2.0,230,132,1,70.0,3.25,0.5,16.35,6.94,1.0,98.04,2.5,0.0,0.75
641578,641578,2,4.0,16.12,5.0,230,132,4,-85.0,0.0,0.0,0.0,-6.94,-1.0,-96.19,-2.5,0.0,-0.75
641579,641579,2,4.0,16.12,5.0,230,132,4,85.0,0.0,0.0,0.0,6.94,1.0,96.19,2.5,0.0,0.75
642354,642354,2,1.0,16.99,2.0,230,132,1,70.0,0.0,0.5,16.34,6.94,1.0,98.03,2.5,0.0,0.75
642899,642899,2,1.0,16.87,2.0,230,132,2,70.0,0.0,0.5,0.0,6.94,1.0,81.69,2.5,0.0,0.75
644577,644577,2,2.0,0.0,2.0,230,132,1,70.0,0.0,0.5,17.49,15.94,1.0,104.93,0.0,0.0,0.0
646171,646171,2,2.0,17.08,2.0,230,132,1,70.0,0.0,0.5,16.19,6.94,1.0,97.88,2.5,0.0,0.75
647031,647031,2,4.0,16.54,5.0,230,132,2,-82.0,0.0,0.0,0.0,-6.94,-1.0,-93.19,-2.5,0.0,-0.75
647032,647032,2,4.0,16.54,5.0,230,132,2,82.0,0.0,0.0,0.0,6.94,1.0,93.19,2.5,0.0,0.75
648331,648331,2,1.0,18.51,2.0,230,132,1,70.0,0.0,0.5,16.34,6.94,1.0,98.03,2.5,0.0,0.75
648340,648340,2,1.0,17.4,2.0,230,132,1,70.0,0.0,0.5,10.0,6.94,1.0,91.69,2.5,0.0,0.75
649528,649528,2,4.0,10.31,1.0,230,132,2,42.2,5.0,0.5,0.0,6.94,1.0,58.89,2.5,0.0,0.75
650517,650517,1,2.0,16.6,2.0,230,132,1,70.0,3.25,0.5,20.4,6.94,1.0,102.09,2.5,0.0,0.75
651092,651092,2,4.0,17.55,2.0,230,132,1,70.0,0.0,0.5,16.34,6.94,1.0,98.03,2.5,0.0,0.75
651371,651371,1,1.0,17.7,2.0,230,132,1,70.0,3.25,0.5,16.3,6.94,1.0,97.99,2.5,0.0,0.75
651538,651538,2,1.0,17.79,2.0,230,132,1,70.0,0.0,0.5,16.34,6.94,1.0,98.03,2.5,0.0,0.75
652780,652780,2,1.0,16.73,2.0,230,132,1,70.0,0.0,0.5,0.0,6.94,1.0,81.69,2.5,0.0,0.75
654486,654486,1,1.0,17.1,2.0,230,132,1,70.0,3.25,0.5,4.0,6.94,1.0,85.69,2.5,0.0,0.75
654879,654879,2,1.0,16.67,2.0,230,132,1,70.0,0.0,0.5,5.5,6.94,1.0,87.19,2.5,0.0,0.75
655386,655386,1,1.0,18.6,2.0,230,132,2,70.0,3.25,0.5,0.0,6.94,1.0,81.69,2.5,0.0,0.75
656495,656495,2,2.0,17.29,2.0,230,132,1,70.0,0.0,0.5,20.42,6.94,1.0,102.11,2.5,0.0,0.75
657271,657271,2,4.0,17.39,2.0,230,132,1,70.0,0.0,0.5,16.34,6.94,1.0,98.03,2.5,0.0,0.75
657342,657342,2,2.0,16.91,2.0,230,132,1,70.0,0.0,0.5,0.0,6.94,1.0,81.69,2.5,0.0,0.75
659130,659130,1,1.0,16.9,2.0,230,132,1,70.0,3.25,0.5,20.4,6.94,1.0,102.09,2.5,0.0,0.75
660213,660213,2,4.0,17.06,2.0,230,132,1,70.0,0.0,0.5,0.0,6.94,1.0,81.69,2.5,0.0,0.75
663080,663080,2,1.0,22.23,2.0,230,132,2,70.0,0.0,0.5,0.0,6.94,1.0,81.69,2.5,0.0,0.75
663104,663104,2,1.0,18.2,2.0,230,132,1,70.0,0.0,0.5,16.34,6.94,1.0,98.03,2.5,0.0,0.75
663467,663467,2,1.0,20.0,2.0,230,132,2,-70.0,0.0,-0.5,0.0,0.0,-1.0,-74.75,-2.5,0.0,-0.75
663468,663468,2,1.0,20.0,2.0,230,132,2,70.0,0.0,0.5,0.0,0.0,1.0,74.75,2.5,0.0,0.75
663517,663517,2,3.0,17.77,2.0,230,132,1,70.0,0.0,0.5,14.95,0.0,1.0,89.7,2.5,0.0,0.75
668019,668019,1,2.0,16.9,2.0,230,132,1,70.0,3.25,0.5,14.95,0.0,1.0,89.7,2.5,0.0,0.75
668845,668845,2,4.0,17.71,2.0,230,132,1,70.0,0.0,0.5,16.34,6.94,1.0,98.03,2.5,0.0,0.75
671942,671942,2,1.0,18.36,2.0,230,132,1,70.0,0.0,0.5,9.0,6.94,1.0,90.69,2.5,0.0,0.75
672907,672907,2,1.0,17.57,5.0,230,132,1,87.0,0.0,0.0,0.0,17.69,1.0,108.94,2.5,0.0,0.75
691824,691824,2,1.0,17.98,2.0,230,132,1,70.0,0.0,0.5,15.45,0.0,1.0,92.7,2.5,0.0,0.75
691826,691826,2,2.0,17.25,2.0,230,132,1,70.0,0.0,0.5,16.84,6.94,1.0,101.03,2.5,0.0,0.75
691934,691934,2,1.0,16.49,5.0,230,132,1,90.0,0.0,0.0,10.0,0.0,1.0,104.25,2.5,0.0,0.75
692100,692100,2,2.0,16.75,2.0,230,132,1,70.0,0.0,0.5,20.42,6.94,1.0,102.11,2.5,0.0,0.75
692178,692178,1,1.0,16.7,2.0,230,132,1,70.0,3.25,0.5,16.35,6.94,1.0,98.04,2.5,0.0,0.75
692210,692210,2,2.0,15.4,2.0,230,132,1,70.0,0.0,0.5,10.0,6.94,1.0,91.69,2.5,0.0,0.75
692221,692221,2,1.0,14.39,2.0,230,132,1,70.0,0.0,0.5,14.95,0.0,1.0,89.7,2.5,0.0,0.75
692246,692246,2,2.0,16.86,2.0,230,132,1,70.0,0.0,0.5,0.0,6.94,1.0,81.69,2.5,0.0,0.75
692270,692270,2,3.0,17.44,2.0,230,132,1,70.0,0.0,0.5,20.42,6.94,1.0,102.11,2.5,0.0,0.75
692334,692334,2,2.0,16.93,2.0,230,132,2,70.0,0.0,0.5,0.0,6.94,1.0,81.69,2.5,0.0,0.75
692563,692563,2,1.0,17.33,2.0,230,132,1,70.0,0.0,0.5,16.34,6.94,1.0,98.03,2.5,0.0,0.75
693169,693169,2,2.0,17.7,2.0,230,132,1,70.0,0.0,0.5,16.34,6.94,1.0,98.03,2.5,0.0,0.75
693444,693444,2,2.0,17.94,2.0,230,132,1,70.0,0.0,0.5,1.0,6.94,1.0,82.69,2.5,0.0,0.75
693527,693527,2,1.0,17.46,2.0,230,132,1,70.0,0.0,0.5,20.42,6.94,1.0,102.11,2.5,0.0,0.75
693659,693659,2,2.0,17.02,2.0,230,132,2,70.0,0.0,0.5,0.0,6.94,1.0,81.69,2.5,0.0,0.75
693789,693789,1,1.0,17.0,2.0,230,132,1,70.0,3.25,0.5,16.35,6.94,1.0,98.04,2.5,0.0,0.75
693907,693907,2,2.0,17.59,2.0,230,132,1,70.0,0.0,0.5,5.0,6.94,1.0,86.69,2.5,0.0,0.75
694317,694317,2,2.0,17.01,2.0,230,132,1,70.0,0.0,0.5,16.34,6.94,1.0,98.03,2.5,0.0,0.75
694362,694362,2,2.0,16.88,2.0,230,132,1,70.0,0.0,0.5,15.0,6.94,1.0,96.69,2.5,0.0,0.75
694396,694396,2,2.0,22.38,2.0,230,132,1,70.0,0.0,0.5,16.34,6.94,1.0,98.03,2.5,0.0,0.75
694594,694594,2,2.0,18.03,2.0,230,132,1,70.0,0.0,0.5,0.0,6.94,1.0,81.69,2.5,0.0,0.75
696798,696798,2,2.0,18.21,2.0,230,132,1,70.0,0.0,0.5,16.34,6.94,1.0,98.03,2.5,0.0,0.75
698108,698108,1,0.0,17.1,2.0,230,132,2,70.0,3.25,0.5,0.0,6.94,1.0,81.69,2.5,0.0,0.75
700189,700189,2,1.0,18.09,2.0,230,132,2,70.0,0.0,0.5,0.0,6.94,1.0,81.69,2.5,0.0,0.75
702510,702510,2,1.0,17.61,2.0,230,132,1,70.0,0.0,0.5,20.42,6.94,1.0,102.11,2.5,0.0,0.75
704641,704641,2,3.0,16.89,2.0,230,132,1,70.0,0.0,0.5,0.0,6.94,1.0,81.69,2.5,0.0,0.75
705891,705891,2,2.0,17.22,2.0,230,132,1,70.0,0.0,0.5,0.0,6.94,1.0,81.69,2.5,0.0,0.75
706010,706010,2,1.0,17.35,5.0,230,132,1,100.0,0.0,0.0,0.0,0.0,1.0,104.25,2.5,0.0,0.75
707467,707467,2,1.0,16.98,2.0,230,132,2,70.0,0.0,0.5,0.0,6.94,1.0,81.69,2.5,0.0,0.75
707913,707913,2,4.0,17.55,2.0,230,132,1,70.0,0.0,0.5,16.34,6.94,1.0,98.03,2.5,0.0,0.75
708988,708988,2,1.0,22.54,2.0,230,132,2,70.0,0.0,0.5,0.0,6.94,1.0,81.69,2.5,0.0,0.75
709140,709140,2,2.0,17.61,2.0,230,132,2,70.0,0.0,0.5,0.0,6.94,1.0,81.69,2.5,0.0,0.75
709287,709287,2,4.0,16.65,2.0,230,132,2,70.0,0.0,0.5,0.0,6.94,1.0,81.69,2.5,0.0,0.75
709999,709999,1,1.0,17.3,2.0,230,132,1,70.0,3.25,0.5,16.35,6.94,1.0,98.04,2.5,0.0,0.75
711329,711329,2,3.0,16.97,2.0,230,132,1,70.0,0.0,0.5,16.34,6.94,1.0,98.03,2.5,0.0,0.75
711347,711347,1,1.0,18.0,2.0,230,132,1,70.0,3.25,0.5,16.35,6.94,1.0,98.04,2.5,0.0,0.75
712367,712367,2,2.0,17.02,2.0,230,132,1,70.0,0.0,0.5,16.34,6.94,1.0,98.03,2.5,0.0,0.75
714238,714238,2,2.0,16.91,2.0,230,132,1,70.0,0.0,0.5,20.42,6.94,1.0,102.11,2.5,0.0,0.75
714248,714248,2,1.0,15.73,2.0,230,132,1,70.0,0.0,0.5,20.42,6.94,1.0,102.11,2.5,0.0,0.75
715313,715313,2,2.0,16.48,2.0,230,132,1,70.0,0.0,0.5,16.34,6.94,1.0,98.03,2.5,0.0,0.75
716739,716739,2,2.0,17.47,2.0,230,132,1,70.0,0.0,0.5,16.34,6.94,1.0,98.03,2.5,0.0,0.75
717120,717120,1,1.0,17.2,2.0,230,132,1,70.0,3.25,0.5,16.3,6.94,1.0,97.99,2.5,0.0,0.75
717308,717308,1,1.0,17.2,1.0,230,132,1,79.3,3.25,0.5,25.2,0.0,1.0,109.25,2.5,0.0,0.75
718422,718422,2,1.0,16.19,2.0,230,132,2,70.0,0.0,0.5,0.0,6.94,1.0,81.69,2.5,0.0,0.75
719677,719677,1,1.0,17.9,2.0,230,132,1,70.0,3.25,0.5,16.35,6.94,1.0,98.04,2.5,0.0,0.75
719715,719715,2,1.0,16.73,2.0,230,132,1,70.0,0.0,0.5,16.34,6.94,1.0,98.03,2.5,0.0,0.75
719948,719948,1,1.0,17.8,2.0,230,132,1,70.0,3.25,0.5,20.4,6.94,1.0,102.09,2.5,0.0,0.75
721152,721152,2,2.0,17.22,2.0,230,132,1,70.0,0.0,0.5,16.95,10.0,1.0,101.7,2.5,0.0,0.75
722252,722252,2,2.0,17.4,2.0,230,132,2,70.0,0.0,0.5,0.0,6.94,1.0,81.69,2.5,0.0,0.75
722619,722619,2,1.0,16.73,2.0,230,132,1,70.0,0.0,0.5,10.0,6.94,1.0,91.69,2.5,0.0,0.75
722818,722818,2,2.0,16.82,2.0,230,132,2,70.0,0.0,0.5,0.0,6.94,1.0,81.69,2.5,0.0,0.75
723228,723228,2,1.0,17.43,2.0,230,132,1,70.0,0.0,0.5,16.34,6.94,1.0,98.03,2.5,0.0,0.75
724153,724153,2,1.0,16.68,2.0,230,132,1,70.0,0.0,0.5,20.42,6.94,1.0,102.11,2.5,0.0,0.75
725478,725478,2,2.0,17.66,2.0,230,132,2,70.0,0.0,0.5,0.0,6.94,1.0,81.69,2.5,0.0,0.75
725815,725815,1,2.0,17.1,2.0,230,132,1,70.0,3.25,0.5,20.0,6.94,1.0,101.69,2.5,0.0,0.75
726415,726415,2,1.0,16.83,5.0,230,132,1,90.0,0.0,0.0,0.0,14.69,1.0,108.94,2.5,0.0,0.75
726983,726983,2,4.0,18.32,2.0,230,132,1,70.0,0.0,0.5,16.34,6.94,1.0,98.03,2.5,0.0,0.75
727375,727375,2,4.0,20.87,2.0,230,132,2,70.0,0.0,0.5,0.0,6.94,1.0,81.69,2.5,0.0,0.75
729343,729343,2,2.0,15.6,2.0,230,132,1,70.0,0.0,0.5,14.95,0.0,1.0,89.7,2.5,0.0,0.75
729699,729699,2,1.0,16.26,2.0,230,132,1,70.0,0.0,0.5,16.34,6.94,1.0,98.03,2.5,0.0,0.75
731355,731355,1,2.0,18.0,5.0,230,132,1,85.69,0.75,0.0,10.0,0.0,1.0,97.44,0.0,0.0,0.75
731970,731970,2,2.0,18.27,2.0,230,132,2,70.0,0.0,0.5,0.0,6.94,1.0,81.69,2.5,0.0,0.75
732545,732545,2,2.0,14.17,2.0,230,132,1,70.0,0.0,0.5,16.95,10.0,1.0,101.7,2.5,0.0,0.75
732695,732695,2,1.0,14.59,2.0,230,132,1,70.0,0.0,0.5,14.95,0.0,1.0,89.7,2.5,0.0,0.75
732787,732787,2,2.0,15.32,5.0,230,132,1,87.0,0.0,0.0,4.56,0.0,1.0,95.81,2.5,0.0,0.75
732883,732883,2,4.0,17.23,2.0,230,132,1,70.0,0.0,0.5,16.34,6.94,1.0,98.03,2.5,0.0,0.75
732972,732972,2,1.0,17.46,2.0,230,132,1,70.0,0.0,0.5,20.42,6.94,1.0,102.11,2.5,0.0,0.75
733142,733142,2,2.0,15.77,2.0,230,132,1,70.0,0.0,0.5,10.0,6.94,1.0,91.69,2.5,0.0,0.75
733498,733498,2,1.0,17.62,2.0,230,132,1,70.0,0.0,0.5,0.0,0.0,1.0,74.75,2.5,0.0,0.75
734373,734373,2,4.0,21.64,2.0,230,132,1,70.0,0.0,0.5,14.95,0.0,1.0,89.7,2.5,0.0,0.75
734579,734579,1,1.0,17.4,2.0,230,132,1,70.0,3.25,0.5,7.5,6.94,1.0,89.19,2.5,0.0,0.75
735233,735233,2,2.0,17.22,2.0,230,132,1,70.0,0.0,0.5,2.0,6.94,1.0,83.69,2.5,0.0,0.75
736031,736031,2,2.0,18.15,2.0,230,132,1,70.0,0.0,0.5,20.42,6.94,1.0,102.11,2.5,0.0,0.75
736936,736936,2,2.0,19.01,2.0,230,132,1,70.0,0.0,0.5,16.34,6.94,1.0,98.03,2.5,0.0,0.75
738807,738807,2,4.0,20.74,2.0,230,132,2,70.0,0.0,0.5,0.0,6.94,1.0,81.69,2.5,0.0,0.75
738871,738871,2,2.0,16.29,2.0,230,132,2,70.0,0.0,0.5,0.0,6.94,1.0,81.69,2.5,0.0,0.75
740058,740058,2,2.0,15.88,2.0,230,132,4,-70.0,0.0,-0.5,0.0,-14.94,-1.0,-89.69,-2.5,0.0,-0.75
740059,740059,2,2.0,15.88,2.0,230,132,4,70.0,0.0,0.5,0.0,14.94,1.0,89.69,2.5,0.0,0.75
740286,740286,2,2.0,17.51,2.0,230,132,1,70.0,0.0,0.5,15.0,6.94,1.0,96.69,2.5,0.0,0.75
740654,740654,2,2.0,17.45,5.0,230,132,1,95.0,0.0,0.0,0.0,0.0,1.0,99.25,2.5,0.0,0.75
741757,741757,1,1.0,17.8,2.0,230,132,1,70.0,8.25,0.5,17.3,6.94,1.0,103.99,2.5,0.0,0.75
745715,745715,2,2.0,16.57,2.0,230,132,2,70.0,5.0,0.5,0.0,6.94,1.0,86.69,2.5,0.0,0.75
747080,747080,2,1.0,17.46,2.0,230,132,1,70.0,5.0,0.5,17.34,6.94,1.0,104.03,2.5,0.0,0.75
747813,747813,2,2.0,17.26,2.0,230,132,1,70.0,5.0,0.5,0.0,6.94,1.0,86.69,2.5,0.0,0.75
749482,749482,2,1.0,17.74,2.0,230,132,1,70.0,5.0,0.5,21.67,6.94,1.0,108.36,2.5,0.0,0.75
750015,750015,1,1.0,16.4,2.0,230,132,1,70.0,8.25,0.5,0.5,6.94,1.0,87.19,2.5,0.0,0.75
750258,750258,7,2.0,17.63,5.0,230,132,1,85.0,0.0,0.5,17.95,0.0,1.0,107.7,2.5,0.0,0.75
751458,751458,2,3.0,16.46,2.0,230,132,1,70.0,5.0,0.5,17.34,6.94,1.0,104.03,2.5,0.0,0.75
752071,752071,2,2.0,17.16,2.0,230,132,1,70.0,5.0,0.5,15.0,6.94,1.0,101.69,2.5,0.0,0.75
755216,755216,2,1.0,17.25,2.0,230,132,1,70.0,5.0,0.5,10.0,6.94,1.0,96.69,2.5,0.0,0.75
761643,761643,2,2.0,16.64,2.0,230,132,2,70.0,5.0,0.5,0.0,6.94,1.0,86.69,2.5,0.0,0.75
761742,761742,2,4.0,19.19,1.0,230,132,2,94.7,2.5,0.5,0.0,6.94,1.0,108.89,2.5,0.0,0.75
767462,767462,1,1.0,16.1,2.0,230,132,1,70.0,8.25,0.5,15.95,0.0,1.0,95.7,2.5,0.0,0.75
780251,780251,2,1.0,17.31,2.0,230,132,1,70.0,0.0,0.5,20.42,6.94,1.0,102.11,2.5,0.0,0.75
789678,789678,2,3.0,17.5,2.0,230,132,2,70.0,0.0,0.5,0.0,6.94,1.0,81.69,2.5,0.0,0.75
789782,789782,2,2.0,16.4,2.0,230,132,2,70.0,0.0,0.5,0.0,6.94,1.0,81.69,2.5,0.0,0.75
790048,790048,2,2.0,16.91,2.0,230,132,1,70.0,0.0,0.5,10.0,6.94,1.0,91.69,2.5,0.0,0.75
790055,790055,1,1.0,16.8,2.0,230,132,2,70.0,3.25,0.5,0.0,6.94,1.0,81.69,2.5,0.0,0.75
790341,790341,2,1.0,18.47,2.0,230,132,1,70.0,0.0,0.5,24.28,6.94,1.0,105.97,2.5,0.0,0.75
790869,790869,2,1.0,16.61,2.0,230,132,1,70.0,0.0,0.5,5.0,6.94,1.0,86.69,2.5,0.0,0.75
791000,791000,2,1.0,16.89,2.0,230,132,1,70.0,0.0,0.5,12.0,6.94,1.0,93.69,2.5,0.0,0.75
792365,792365,2,2.0,18.3,2.0,230,132,1,70.0,0.0,0.5,5.0,6.94,1.0,86.69,2.5,0.0,0.75
792411,792411,2,3.0,16.68,2.0,230,132,1,70.0,0.0,0.5,24.51,6.94,1.0,106.2,2.5,0.0,0.75
793191,793191,1,1.0,16.6,5.0,230,132,3,87.0,0.75,0.0,0.0,6.94,1.0,95.69,0.0,0.0,0.75
795193,795193,2,2.0,21.57,2.0,230,132,1,70.0,0.0,0.5,16.34,6.94,1.0,98.03,2.5,0.0,0.75
795643,795643,1,1.0,16.4,2.0,230,132,1,70.0,3.25,0.5,14.95,0.0,1.0,89.7,2.5,0.0,0.75
795993,795993,2,2.0,17.46,2.0,230,132,1,70.0,0.0,0.5,16.34,6.94,1.0,98.03,2.5,0.0,0.75
796753,796753,2,4.0,19.55,2.0,230,132,1,70.0,0.0,0.5,16.34,6.94,1.0,98.03,2.5,0.0,0.75
796941,796941,2,3.0,17.16,2.0,230,132,1,70.0,0.0,0.5,16.34,6.94,1.0,98.03,2.5,0.0,0.75
798604,798604,2,2.0,24.7,2.0,230,132,1,70.0,0.0,0.5,16.34,6.94,1.0,98.03,2.5,0.0,0.75
799098,799098,2,2.0,15.38,2.0,230,132,1,70.0,0.0,0.5,14.0,10.0,1.0,98.75,2.5,0.0,0.75
800162,800162,1,1.0,18.3,2.0,230,132,1,70.0,3.25,0.5,0.0,4.0,1.0,78.75,2.5,0.0,0.75
802737,802737,2,1.0,18.01,2.0,230,132,2,70.0,0.0,0.5,0.0,6.94,1.0,84.19,2.5,0.0,0.75
803038,803038,2,1.0,16.13,2.0,230,132,1,70.0,0.0,0.5,16.34,6.94,1.0,98.03,2.5,0.0,0.75
804518,804518,2,2.0,17.74,2.0,230,132,1,70.0,0.0,0.5,16.34,6.94,1.0,98.03,2.5,0.0,0.75
804591,804591,2,1.0,16.28,2.0,230,132,1,70.0,0.0,0.5,16.34,6.94,1.0,98.03,2.5,0.0,0.75
809419,809419,2,1.0,16.61,2.0,230,132,2,70.0,0.0,0.5,0.0,6.94,1.0,81.69,2.5,0.0,0.75
809780,809780,2,3.0,16.51,2.0,230,132,2,70.0,0.0,0.5,0.0,6.94,1.0,81.69,2.5,0.0,0.75
810048,810048,7,2.0,16.26,2.0,230,132,2,70.0,0.0,0.5,0.0,6.94,1.0,81.69,2.5,0.0,0.75
811690,811690,2,2.0,16.59,2.0,230,132,1,70.0,0.0,0.5,20.0,6.94,1.0,101.69,2.5,0.0,0.75
812170,812170,2,2.0,17.89,2.0,230,132,1,70.0,0.0,0.5,16.34,6.94,1.0,98.03,2.5,0.0,0.75
813433,813433,1,1.0,16.8,2.0,230,132,1,70.0,3.25,0.5,16.35,6.94,1.0,98.04,2.5,0.0,0.75
816206,816206,1,1.0,17.6,5.0,230,132,2,85.0,0.75,0.0,0.0,6.94,1.0,93.69,0.0,0.0,0.75
818619,818619,2,1.0,18.54,2.0,230,132,1,70.0,0.0,0.5,0.0,6.94,1.0,81.69,2.5,0.0,0.75
818812,818812,2,1.0,17.72,2.0,230,132,2,70.0,0.0,0.5,0.0,6.94,1.0,81.69,2.5,0.0,0.75
818943,818943,2,2.0,17.96,2.0,230,132,1,70.0,0.0,0.5,16.34,6.94,1.0,98.03,2.5,0.0,0.75
819154,819154,2,1.0,17.23,2.0,230,132,1,70.0,0.0,0.5,18.69,0.0,1.0,93.44,2.5,0.0,0.75
819689,819689,2,2.0,17.95,2.0,230,132,1,70.0,0.0,0.5,0.05,13.88,1.0,88.68,2.5,0.0,0.75
819702,819702,2,4.0,16.46,5.0,230,132,1,83.0,0.0,0.0,17.45,0.0,1.0,104.7,2.5,0.0,0.75
820237,820237,2,1.0,16.42,2.0,230,132,1,70.0,0.0,0.5,3.0,6.94,1.0,84.69,2.5,0.0,0.75
820848,820848,2,1.0,18.26,2.0,230,132,2,70.0,0.0,0.5,0.0,6.94,1.0,81.69,2.5,0.0,0.75
821474,821474,2,1.0,16.06,5.0,230,132,1,82.0,0.0,0.0,17.25,0.0,1.0,103.5,2.5,0.0,0.75
822870,822870,2,2.0,17.24,2.0,230,132,2,70.0,0.0,0.5,0.0,6.94,1.0,81.69,2.5,0.0,0.75
823087,823087,1,1.0,17.4,2.0,230,132,1,70.0,3.25,0.5,25.0,6.94,1.0,106.69,2.5,0.0,0.75
825322,825322,2,1.0,18.46,2.0,230,132,1,70.0,0.0,0.5,16.34,6.94,1.0,98.03,2.5,0.0,0.75
825751,825751,2,2.0,17.32,2.0,230,132,1,70.0,0.0,0.5,16.34,6.94,1.0,98.03,2.5,0.0,0.75
826725,826725,2,1.0,17.85,2.0,230,132,1,70.0,0.0,0.5,16.34,6.94,1.0,98.03,2.5,0.0,0.75
826870,826870,1,1.0,16.6,2.0,230,132,1,70.0,3.25,0.5,20.4,6.94,1.0,102.09,2.5,0.0,0.75
827268,827268,2,1.0,16.98,2.0,230,132,1,70.0,0.0,0.5,16.34,6.94,1.0,98.03,2.5,0.0,0.75
830250,830250,2,1.0,18.81,2.0,230,132,1,70.0,0.0,0.5,16.34,6.94,1.0,98.03,2.5,0.0,0.75
830606,830606,2,1.0,20.33,2.0,230,132,2,70.0,0.0,0.5,0.0,6.94,1.0,81.69,2.5,0.0,0.75
832410,832410,1,1.0,15.6,2.0,230,132,1,70.0,3.25,0.5,10.0,6.94,1.0,91.69,2.5,0.0,0.75
833185,833185,1,1.0,17.0,2.0,230,132,1,70.0,3.25,0.5,16.35,6.94,1.0,98.04,2.5,0.0,0.75
834427,834427,2,4.0,16.69,5.0,230,132,1,85.0,0.0,0.0,10.0,0.0,1.0,99.25,2.5,0.0,0.75
834626,834626,2,2.0,17.29,2.0,230,132,1,70.0,0.0,0.5,0.0,6.94,1.0,81.69,2.5,0.0,0.75
834828,834828,2,4.0,17.59,2.0,230,132,1,70.0,0.0,0.5,20.42,6.94,1.0,102.11,2.5,0.0,0.75
836739,836739,2,1.0,17.78,2.0,230,132,1,70.0,0.0,0.5,16.34,6.94,1.0,98.03,2.5,0.0,0.75
838533,838533,2,2.0,15.68,2.0,230,132,1,70.0,0.0,0.5,0.0,0.0,1.0,74.75,2.5,0.0,0.75
838768,838768,1,1.0,17.4,2.0,230,132,2,70.0,3.25,0.5,0.0,6.94,1.0,81.69,2.5,0.0,0.75
839008,839008,1,1.0,15.2,2.0,230,132,1,70.0,3.25,0.5,0.0,0.0,1.0,74.75,2.5,0.0,0.75
840843,840843,2,2.0,15.85,2.0,230,132,1,70.0,0.0,0.5,18.69,0.0,1.0,93.44,2.5,0.0,0.75
841001,841001,1,1.0,16.5,2.0,230,132,1,70.0,3.25,0.5,14.95,0.0,1.0,89.7,2.5,0.0,0.75
842158,842158,2,1.0,18.47,5.0,230,132,2,80.0,0.0,0.0,0.0,0.0,1.0,84.25,2.5,0.0,0.75
842355,842355,2,2.0,15.05,5.0,230,132,2,-85.0,0.0,0.0,0.0,-6.94,-1.0,-96.19,-2.5,0.0,-0.75
842356,842356,2,2.0,15.05,5.0,230,132,2,85.0,0.0,0.0,0.0,6.94,1.0,96.19,2.5,0.0,0.75
843133,843133,2,2.0,17.51,2.0,230,132,2,70.0,5.0,0.5,0.0,6.94,1.0,86.69,2.5,0.0,0.75
843609,843609,2,2.0,16.83,2.0,230,132,2,70.0,5.0,0.5,0.0,0.0,1.0,79.75,2.5,0.0,0.75
843622,843622,2,3.0,19.23,2.0,230,132,1,70.0,5.0,0.5,17.34,6.94,1.0,104.03,2.5,0.0,0.75
847594,847594,2,1.0,17.42,2.0,230,132,2,70.0,5.0,0.5,0.0,0.0,1.0,79.75,2.5,0.0,0.75
847708,847708,2,3.0,16.04,2.0,230,132,1,70.0,5.0,0.5,17.34,6.94,1.0,104.03,2.5,0.0,0.75
847855,847855,2,1.0,15.84,5.0,230,132,1,90.0,0.0,0.0,21.79,14.69,1.0,130.73,2.5,0.0,0.75
848136,848136,2,2.0,15.19,5.0,230,132,1,87.0,0.0,0.0,5.0,6.94,1.0,103.19,2.5,0.0,0.75
849358,849358,2,3.0,18.54,2.0,230,132,1,70.0,5.0,0.5,26.01,6.94,1.0,112.7,2.5,0.0,0.75
849794,849794,1,1.0,16.2,2.0,230,132,1,70.0,8.25,0.5,17.35,6.94,1.0,104.04,2.5,0.0,0.75
855170,855170,1,1.0,16.5,2.0,230,132,1,70.0,8.25,0.5,0.0,6.94,1.0,86.69,2.5,0.0,0.75
855552,855552,2,1.0,17.35,2.0,230,132,1,70.0,5.0,0.5,17.34,6.94,1.0,104.03,2.5,0.0,0.75
855828,855828,2,3.0,17.24,2.0,230,132,1,70.0,5.0,0.5,10.0,6.94,1.0,96.69,2.5,0.0,0.75
856643,856643,2,1.0,15.97,5.0,230,132,1,85.0,0.0,0.0,19.24,6.94,1.0,115.43,2.5,0.0,0.75
857083,857083,2,2.0,16.4,5.0,230,132,4,-85.0,0.0,0.0,0.0,-7.0,-1.0,-96.25,-2.5,0.0,-0.75
857084,857084,2,2.0,16.4,5.0,230,132,4,85.0,0.0,0.0,0.0,7.0,1.0,96.25,2.5,0.0,0.75
857393,857393,2,1.0,17.94,2.0,230,132,1,70.0,5.0,0.5,17.34,6.94,1.0,104.03,2.5,0.0,0.75
859319,859319,2,1.0,17.88,2.0,230,132,1,70.0,5.0,0.5,17.34,6.94,1.0,104.03,2.5,0.0,0.75
860353,860353,2,2.0,17.75,2.0,230,132,1,70.0,5.0,0.5,17.34,6.94,1.0,104.03,2.5,0.0,0.75
860945,860945,2,2.0,17.44,2.0,230,132,1,70.0,5.0,0.5,17.34,6.94,1.0,104.03,2.5,0.0,0.75
861004,861004,7,1.0,17.44,2.0,230,132,1,70.0,0.0,0.5,15.95,0.0,1.0,95.7,2.5,0.0,0.75
866180,866180,2,3.0,18.67,1.0,230,132,4,-88.4,-2.5,-0.5,0.0,-6.94,-1.0,-102.59,-2.5,0.0,-0.75
866181,866181,2,3.0,18.67,1.0,230,132,4,88.4,2.5,0.5,0.0,6.94,1.0,102.59,2.5,0.0,0.75
867986,867986,1,1.0,17.3,2.0,230,132,1,70.0,8.25,0.5,17.3,6.94,1.0,103.99,2.5,0.0,0.75
869875,869875,2,1.0,17.36,2.0,230,132,1,70.0,5.0,0.5,10.0,6.94,1.0,96.69,2.5,0.0,0.75
870169,870169,1,2.0,17.6,5.0,230,132,1,86.69,0.75,0.0,0.0,0.0,1.0,88.44,0.0,0.0,0.75
871294,871294,2,1.0,18.36,2.0,230,132,1,70.0,5.0,0.5,17.34,6.94,1.0,104.03,2.5,0.0,0.75
873369,873369,2,1.0,16.99,2.0,230,132,1,70.0,5.0,0.5,17.34,6.94,1.0,104.03,2.5,0.0,0.75
876345,876345,2,1.0,2.78,2.0,230,132,2,70.0,0.0,0.5,0.0,6.94,1.0,81.69,2.5,0.0,0.75
880255,880255,2,3.0,17.47,2.0,230,132,4,-70.0,0.0,-0.5,0.0,-6.94,-1.0,-81.69,-2.5,0.0,-0.75
880256,880256,2,3.0,17.47,2.0,230,132,4,70.0,0.0,0.5,0.0,6.94,1.0,81.69,2.5,0.0,0.75
884381,884381,2,4.0,16.3,5.0,230,132,1,83.0,0.0,0.0,2.75,0.0,1.0,90.0,2.5,0.0,0.75
896067,896067,2,1.0,17.39,2.0,230,132,1,70.0,0.0,0.5,0.0,6.94,1.0,81.69,2.5,0.0,0.75
898859,898859,1,1.0,16.7,2.0,230,132,3,70.0,3.25,0.5,0.0,6.94,1.0,81.69,2.5,0.0,0.75
899234,899234,2,1.0,17.78,2.0,230,132,1,70.0,0.0,0.5,16.34,6.94,1.0,98.03,2.5,0.0,0.75
899624,899624,2,2.0,17.75,2.0,230,132,2,70.0,0.0,0.5,0.0,6.94,1.0,81.69,2.5,0.0,0.75
899799,899799,1,1.0,17.3,2.0,230,132,1,70.0,3.25,0.5,16.35,6.94,1.0,98.04,2.5,0.0,0.75
899810,899810,2,1.0,17.43,2.0,230,132,1,70.0,0.0,0.5,16.19,6.94,1.0,97.88,2.5,0.0,0.75
899883,899883,1,0.0,16.7,2.0,230,132,1,70.0,3.25,0.5,10.0,6.94,1.0,91.69,2.5,0.0,0.75
900032,900032,2,2.0,17.41,2.0,230,132,1,70.0,0.0,0.5,14.95,0.0,1.0,89.7,2.5,0.0,0.75
900379,900379,2,2.0,17.86,2.0,230,132,2,70.0,0.0,0.5,0.0,6.94,1.0,81.69,2.5,0.0,0.75
900568,900568,2,2.0,17.66,2.0,230,132,2,70.0,0.0,0.5,0.0,6.94,1.0,81.69,2.5,0.0,0.75
902016,902016,2,2.0,17.58,2.0,230,132,1,70.0,0.0,0.5,16.84,6.94,1.0,101.03,2.5,0.0,0.75
904696,904696,2,4.0,16.84,5.0,230,132,2,-87.0,0.0,0.0,0.0,-6.94,-1.0,-98.19,-2.5,0.0,-0.75
904697,904697,2,4.0,16.84,5.0,230,132,2,87.0,0.0,0.0,0.0,6.94,1.0,98.19,2.5,0.0,0.75
905799,905799,2,1.0,17.47,2.0,230,132,1,70.0,0.0,0.5,5.0,6.94,1.0,86.69,2.5,0.0,0.75
909563,909563,2,2.0,18.54,2.0,230,132,1,70.0,0.0,0.5,0.0,6.94,1.0,81.69,2.5,0.0,0.75
910342,910342,2,1.0,17.85,2.0,230,132,1,70.0,0.0,0.5,16.34,6.94,1.0,98.03,2.5,0.0,0.75
911822,911822,2,2.0,16.7,2.0,230,132,1,70.0,0.0,0.5,16.34,6.94,1.0,98.03,2.5,0.0,0.75
913881,913881,1,1.0,16.6,2.0,230,132,1,70.0,3.25,0.5,16.35,6.94,1.0,98.04,2.5,0.0,0.75
915544,915544,2,1.0,16.84,2.0,230,132,1,70.0,0.0,0.5,16.34,6.94,1.0,98.03,2.5,0.0,0.75
915951,915951,2,1.0,18.04,2.0,230,132,1,70.0,0.0,0.5,20.42,6.94,1.0,102.11,2.5,0.0,0.75
915952,915952,2,4.0,21.92,2.0,230,132,1,70.0,0.0,0.5,16.19,6.94,1.0,97.88,2.5,0.0,0.75
916165,916165,2,2.0,17.04,2.0,230,132,2,70.0,0.0,0.5,0.0,6.94,1.0,81.69,2.5,0.0,0.75
917096,917096,2,2.0,17.05,2.0,230,132,2,70.0,0.0,0.5,0.0,6.94,1.0,81.69,2.5,0.0,0.75
921095,921095,2,2.0,17.37,2.0,230,132,1,70.0,0.0,0.5,0.0,6.94,1.0,81.69,2.5,0.0,0.75
922015,922015,1,1.0,16.5,2.0,230,132,1,70.0,3.25,0.5,20.4,6.94,1.0,102.09,2.5,0.0,0.75
924723,924723,2,2.0,18.45,2.0,230,132,1,70.0,0.0,0.5,16.34,6.94,1.0,98.03,2.5,0.0,0.75
924857,924857,2,1.0,17.96,2.0,230,132,1,70.0,0.0,0.5,16.34,6.94,1.0,98.03,2.5,0.0,0.75
926076,926076,2,1.0,17.04,2.0,230,132,2,70.0,0.0,0.5,0.0,6.94,1.0,81.69,2.5,0.0,0.75
926548,926548,1,2.0,17.1,2.0,230,132,1,70.0,3.25,0.5,16.34,6.94,1.0,98.03,2.5,0.0,0.75
926642,926642,2,2.0,17.12,2.0,230,132,1,70.0,0.0,0.5,0.0,6.94,1.0,81.69,2.5,0.0,0.75
927161,927161,2,1.0,17.29,2.0,230,132,1,70.0,0.0,0.5,16.34,6.94,1.0,98.03,2.5,0.0,0.75
927209,927209,2,1.0,16.6,5.0,230,132,2,90.0,0.0,0.0,0.0,16.69,1.0,110.94,2.5,0.0,0.75
927782,927782,2,1.0,17.17,2.0,230,132,1,70.0,0.0,0.5,16.34,6.94,1.0,98.03,2.5,0.0,0.75
927950,927950,1,1.0,17.4,2.0,230,132,1,70.0,3.25,0.5,16.35,6.94,1.0,98.04,2.5,0.0,0.75
929433,929433,1,1.0,16.1,5.0,230,132,1,85.0,0.75,0.0,17.35,0.0,1.0,104.1,0.0,0.0,0.75
930156,930156,2,1.0,16.95,2.0,230,132,1,70.0,0.0,0.5,20.42,6.94,1.0,102.11,2.5,0.0,0.75
932065,932065,2,1.0,17.31,2.0,230,132,1,70.0,0.0,0.5,5.0,6.94,1.0,86.69,2.5,0.0,0.75
932333,932333,2,2.0,15.48,2.0,230,132,2,70.0,0.0,0.5,0.0,0.0,1.0,74.75,2.5,0.0,0.75
933054,933054,2,2.0,16.54,2.0,230,132,2,70.0,0.0,0.5,0.0,6.94,1.0,81.69,2.5,0.0,0.75
934048,934048,2,3.0,16.34,2.0,230,132,1,70.0,0.0,0.5,16.34,6.94,1.0,98.03,2.5,0.0,0.75
934273,934273,2,1.0,18.09,2.0,230,132,1,70.0,0.0,0.5,16.34,6.94,1.0,98.03,2.5,0.0,0.75
934548,934548,2,2.0,16.34,5.0,230,132,1,90.0,0.0,0.0,20.24,6.94,1.0,121.43,2.5,0.0,0.75
938844,938844,2,2.0,15.65,2.0,230,132,1,70.0,0.0,0.5,16.34,6.94,1.0,98.03,2.5,0.0,0.75
940045,940045,2,2.0,18.14,2.0,230,132,1,70.0,0.0,0.5,10.0,6.94,1.0,91.69,2.5,0.0,0.75
940198,940198,1,1.0,16.7,1.0,230,132,1,84.9,3.25,0.5,17.9,0.0,1.0,107.55,2.5,0.0,0.75
940222,940222,2,2.0,16.03,2.0,230,132,2,70.0,0.0,0.5,0.0,0.0,1.0,74.75,2.5,0.0,0.75
940363,940363,2,1.0,16.77,2.0,230,132,1,70.0,0.0,0.5,20.42,6.94,1.0,102.11,2.5,0.0,0.75
941759,941759,1,1.0,16.3,2.0,230,132,1,70.0,3.25,0.5,14.95,0.0,1.0,89.7,2.5,0.0,0.75
941832,941832,2,1.0,16.15,2.0,230,132,1,70.0,0.0,0.5,16.34,6.94,1.0,98.03,2.5,0.0,0.75
942344,942344,1,1.0,17.0,2.0,230,132,1,70.0,3.25,0.5,16.35,6.94,1.0,98.04,2.5,0.0,0.75
943325,943325,2,1.0,16.48,2.0,230,132,1,70.0,0.0,0.5,16.34,6.94,1.0,98.03,2.5,0.0,0.75
944149,944149,2,1.0,16.34,2.0,230,132,1,70.0,0.0,0.5,14.95,0.0,1.0,89.7,2.5,0.0,0.75
944219,944219,2,2.0,15.86,2.0,230,132,1,70.0,0.0,0.5,16.34,6.94,1.0,98.03,2.5,0.0,0.75
944521,944521,2,1.0,17.6,2.0,230,132,1,70.0,0.0,0.5,24.51,6.94,1.0,106.2,2.5,0.0,0.75
945482,945482,2,1.0,20.98,2.0,230,132,1,70.0,0.0,0.5,16.34,6.94,1.0,98.03,2.5,0.0,0.75
946440,946440,2,1.0,17.01,2.0,230,132,1,70.0,0.0,0.5,14.95,0.0,1.0,89.7,2.5,0.0,0.75
946722,946722,2,1.0,17.24,2.0,230,132,1,70.0,0.0,0.5,16.34,6.94,1.0,98.03,2.5,0.0,0.75
947030,947030,2,1.0,17.0,2.0,230,132,2,70.0,0.0,0.5,0.0,6.94,1.0,81.69,2.5,0.0,0.75
947049,947049,1,1.0,17.2,2.0,230,132,1,70.0,3.25,0.5,16.3,6.94,1.0,97.99,2.5,0.0,0.75
947332,947332,2,1.0,17.09,2.0,230,132,1,70.0,0.0,0.5,10.0,6.94,1.0,91.69,2.5,0.0,0.75
948857,948857,2,2.0,16.54,2.0,230,132,1,70.0,0.0,0.5,0.0,6.94,1.0,81.69,2.5,0.0,0.75
951194,951194,2,1.0,17.2,2.0,230,132,1,70.0,0.0,0.5,16.34,6.94,1.0,98.03,2.5,0.0,0.75
952843,952843,2,2.0,15.85,2.0,230,132,1,70.0,0.0,0.5,16.34,6.94,1.0,98.03,2.5,0.0,0.75
952848,952848,1,1.0,15.6,2.0,230,132,1,70.0,3.25,0.5,14.95,0.0,1.0,89.7,2.5,0.0,0.75
953621,953621,2,1.0,17.61,2.0,230,132,1,70.0,0.0,0.5,14.95,0.0,1.0,89.7,2.5,0.0,0.75
953854,953854,2,3.0,16.42,3.0,230,132,1,107.0,0.0,0.0,10.0,11.94,1.0,130.69,0.0,0.0,0.75
956282,956282,2,4.0,15.43,5.0,230,132,1,88.0,0.0,0.0,18.45,0.0,1.0,110.7,2.5,0.0,0.75
956734,956734,2,2.0,16.57,2.0,230,132,1,70.0,5.0,0.5,21.67,6.94,1.0,108.36,2.5,0.0,0.75
957300,957300,2,2.0,17.23,2.0,230,132,1,70.0,5.0,0.5,5.0,6.94,1.0,91.69,2.5,0.0,0.75
957509,957509,1,1.0,15.5,2.0,230,132,1,70.0,8.25,0.5,15.95,0.0,1.0,95.7,2.5,0.0,0.75
957692,957692,2,2.0,16.81,2.0,230,132,1,70.0,5.0,0.5,17.34,6.94,1.0,104.03,2.5,0.0,0.75
957954,957954,1,1.0,16.9,2.0,230,132,1,70.0,8.25,0.5,10.0,6.94,1.0,96.69,2.5,0.0,0.75
958673,958673,2,2.0,15.91,2.0,230,132,1,70.0,5.0,0.5,0.0,6.94,1.0,86.69,2.5,0.0,0.75
960427,960427,2,2.0,14.47,2.0,230,132,1,70.0,5.0,0.5,17.34,6.94,1.0,104.03,2.5,0.0,0.75
960504,960504,2,2.0,21.3,2.0,230,132,1,70.0,5.0,0.5,0.0,0.0,1.0,79.75,2.5,0.0,0.75
960675,960675,2,1.0,14.97,2.0,230,132,1,70.0,5.0,0.5,15.95,0.0,1.0,95.7,2.5,0.0,0.75
961601,961601,2,1.0,16.59,2.0,230,132,1,70.0,5.0,0.5,17.34,6.94,1.0,104.03,2.5,0.0,0.75
962067,962067,2,1.0,16.76,5.0,230,132,1,85.0,0.0,0.0,24.06,7.0,1.0,120.31,2.5,0.0,0.75
962550,962550,1,1.0,0.0,2.0,230,132,1,70.0,8.25,0.5,5.0,9.0,1.0,93.75,2.5,0.0,0.75
962607,962607,2,2.0,18.09,1.0,230,132,1,88.4,2.5,0.5,20.0,0.0,1.0,115.65,2.5,0.0,0.75
963564,963564,2,1.0,17.27,2.0,230,132,1,70.0,5.0,0.5,17.34,6.94,1.0,104.03,2.5,0.0,0.75
963880,963880,2,4.0,16.49,5.0,230,132,1,85.0,0.0,0.0,24.05,6.94,1.0,120.24,2.5,0.0,0.75
965850,965850,2,2.0,31.82,2.0,230,132,2,70.0,5.0,0.5,0.0,6.94,1.0,86.69,2.5,0.0,0.75
965920,965920,2,1.0,15.32,2.0,230,132,1,70.0,5.0,0.5,15.95,0.0,1.0,95.7,2.5,0.0,0.75
970470,970470,2,2.0,12.94,5.0,230,132,4,85.0,0.0,0.0,0.0,6.94,1.0,96.19,2.5,0.0,0.75
974527,974527,2,1.0,16.63,2.0,230,132,2,70.0,5.0,0.5,0.0,6.94,1.0,86.69,2.5,0.0,0.75
979010,979010,2,1.0,16.87,5.0,230,132,1,100.0,0.0,0.0,10.0,6.94,1.0,121.19,2.5,0.0,0.75
979216,979216,2,3.0,16.19,2.0,230,132,1,70.0,5.0,0.5,10.0,6.94,1.0,96.69,2.5,0.0,0.75
982336,982336,1,1.0,17.2,2.0,230,132,1,70.0,8.25,0.5,17.35,6.94,1.0,104.04,2.5,0.0,0.75
982474,982474,2,2.0,16.23,2.0,230,132,1,70.0,5.0,0.5,17.34,6.94,1.0,104.03,2.5,0.0,0.75
986948,986948,2,1.0,16.91,2.0,230,132,3,-70.0,-5.0,-0.5,0.0,-9.11,-1.0,-88.86,-2.5,0.0,-0.75
986949,986949,2,1.0,16.91,2.0,230,132,3,70.0,5.0,0.5,0.0,9.11,1.0,88.86,2.5,0.0,0.75
987617,987617,2,2.0,17.57,2.0,230,132,2,70.0,5.0,0.5,0.0,14.06,1.0,93.81,2.5,0.0,0.75
990031,990031,1,1.0,16.5,2.0,230,132,1,70.0,3.25,0.5,16.3,6.94,1.0,97.99,2.5,0.0,0.75
991571,991571,1,1.0,16.8,2.0,230,132,1,70.0,3.25,0.5,10.0,6.94,1.0,91.69,2.5,0.0,0.75
994300,994300,2,4.0,17.49,2.0,230,132,1,70.0,0.0,0.5,16.34,6.94,1.0,98.03,2.5,0.0,0.75
1006900,1006900,2,1.0,17.6,2.0,230,132,1,70.0,0.0,0.5,10.0,6.94,1.0,91.69,2.5,0.0,0.75
1017336,1017336,2,1.0,16.86,2.0,230,132,1,70.0,0.0,0.5,2.0,6.94,1.0,83.69,2.5,0.0,0.75
1017347,1017347,2,2.0,17.31,2.0,230,132,1,70.0,0.0,0.5,16.34,6.94,1.0,98.03,2.5,0.0,0.75
1017698,1017698,1,1.0,4.1,2.0,230,132,1,70.0,3.25,0.5,20.4,6.94,1.0,102.09,2.5,0.0,0.75
1019000,1019000,2,1.0,16.68,2.0,230,132,1,70.0,0.0,0.5,15.0,6.94,1.0,96.69,2.5,0.0,0.75
1019084,1019084,2,1.0,17.46,2.0,230,132,2,70.0,0.0,0.5,0.0,6.94,1.0,81.69,2.5,0.0,0.75
1020031,1020031,2,2.0,17.04,2.0,230,132,1,70.0,0.0,0.5,16.34,6.94,1.0,98.03,2.5,0.0,0.75
1020247,1020247,2,2.0,17.17,2.0,230,132,1,70.0,0.0,0.5,16.34,6.94,1.0,98.03,2.5,0.0,0.75
1020444,1020444,2,2.0,17.41,2.0,230,132,1,70.0,0.0,0.5,16.34,6.94,1.0,98.03,2.5,0.0,0.75
1021906,1021906,1,1.0,17.1,5.0,230,132,1,87.0,0.75,0.0,0.0,6.94,1.0,95.69,0.0,0.0,0.75
1022069,1022069,1,1.0,17.0,2.0,230,132,1,70.0,3.25,0.5,1.11,6.94,1.0,82.8,2.5,0.0,0.75
1022795,1022795,2,2.0,18.25,2.0,230,132,1,70.0,0.0,0.5,16.34,6.94,1.0,98.03,2.5,0.0,0.75
1023300,1023300,2,1.0,16.47,2.0,230,132,1,70.0,0.0,0.5,10.0,6.94,1.0,91.69,2.5,0.0,0.75
1024082,1024082,1,0.0,16.8,2.0,230,132,1,70.0,3.25,0.5,16.3,6.94,1.0,97.99,2.5,0.0,0.75
1027479,1027479,2,2.0,17.13,2.0,230,132,1,70.0,0.0,0.5,0.0,0.0,1.0,74.75,2.5,0.0,0.75
1027915,1027915,2,1.0,16.73,2.0,230,132,1,70.0,0.0,0.5,16.34,6.94,1.0,98.03,2.5,0.0,0.75
1028314,1028314,1,1.0,20.5,2.0,230,132,2,70.0,3.25,0.5,0.0,6.94,1.0,81.69,2.5,0.0,0.75
1028490,1028490,2,1.0,19.05,2.0,230,132,1,70.0,0.0,0.5,12.25,6.94,1.0,93.94,2.5,0.0,0.75
1030364,1030364,2,2.0,17.03,2.0,230,132,1,70.0,0.0,0.5,5.0,6.94,1.0,86.69,2.5,0.0,0.75
1031187,1031187,2,5.0,16.69,2.0,230,132,1,70.0,0.0,0.5,16.34,6.94,1.0,98.03,2.5,0.0,0.75
1033526,1033526,2,2.0,16.68,2.0,230,132,1,70.0,0.0,0.5,5.0,6.94,1.0,86.69,2.5,0.0,0.75
1034007,1034007,2,2.0,17.26,2.0,230,132,1,70.0,0.0,0.5,6.0,6.94,1.0,87.69,2.5,0.0,0.75
1034190,1034190,2,2.0,16.84,2.0,230,132,2,70.0,0.0,0.5,0.0,6.94,1.0,81.69,2.5,0.0,0.75
1035552,1035552,2,1.0,17.1,2.0,230,132,1,70.0,0.0,0.5,15.0,6.94,1.0,96.69,2.5,0.0,0.75
1037062,1037062,2,1.0,17.59,2.0,230,132,1,70.0,0.0,0.5,16.34,6.94,1.0,98.03,2.5,0.0,0.75
1037677,1037677,2,1.0,18.35,2.0,230,132,1,70.0,0.0,0.5,16.34,6.94,1.0,98.03,2.5,0.0,0.75
1038759,1038759,2,1.0,15.89,5.0,230,132,1,100.0,0.0,0.0,22.24,6.94,1.0,133.43,2.5,0.0,0.75
1038889,1038889,2,1.0,18.6,5.0,230,132,2,85.0,0.0,0.0,0.0,0.0,1.0,89.25,2.5,0.0,0.75
1039172,1039172,1,1.0,16.8,2.0,230,132,1,70.0,3.25,0.5,20.4,6.94,1.0,102.09,2.5,0.0,0.75
1040538,1040538,2,1.0,15.78,2.0,230,132,2,70.0,0.0,0.5,0.0,6.94,1.0,81.69,2.5,0.0,0.75
1041655,1041655,2,1.0,17.43,2.0,230,132,1,70.0,0.0,0.5,16.34,6.94,1.0,98.03,2.5,0.0,0.75
1043580,1043580,2,1.0,18.3,2.0,230,132,1,70.0,0.0,0.5,16.34,6.94,1.0,98.03,2.5,0.0,0.75
1045133,1045133,2,2.0,17.23,2.0,230,132,2,70.0,0.0,0.5,0.0,6.94,1.0,81.69,2.5,0.0,0.75
1047890,1047890,2,2.0,17.52,2.0,230,132,1,70.0,0.0,0.5,16.34,6.94,1.0,98.03,2.5,0.0,0.75
1048851,1048851,2,3.0,17.38,2.0,230,132,1,70.0,0.0,0.5,0.0,6.94,1.0,81.69,2.5,0.0,0.75
1049871,1049871,2,1.0,18.03,2.0,230,132,1,70.0,0.0,0.5,16.34,6.94,1.0,98.03,2.5,0.0,0.75
1051937,1051937,2,2.0,18.33,2.0,230,132,1,70.0,0.0,0.5,10.0,0.0,1.0,87.25,2.5,0.0,0.75
1053450,1053450,2,1.0,17.21,2.0,230,132,1,70.0,0.0,0.5,16.34,6.94,1.0,98.03,2.5,0.0,0.75
1054951,1054951,2,2.0,17.21,2.0,230,132,2,70.0,0.0,0.5,0.0,6.94,1.0,81.69,2.5,0.0,0.75
1056372,1056372,2,4.0,15.92,5.0,230,132,1,85.0,0.0,0.0,19.24,6.94,1.0,115.43,2.5,0.0,0.75
1058730,1058730,7,1.0,16.71,2.0,230,132,1,70.0,0.0,0.5,16.34,6.94,1.0,98.03,2.5,0.0,0.75
1059353,1059353,2,1.0,15.97,2.0,230,132,1,70.0,0.0,0.5,20.42,6.94,1.0,102.11,2.5,0.0,0.75
1059417,1059417,2,1.0,15.49,2.0,230,132,1,70.0,0.0,0.5,14.95,0.0,1.0,89.7,2.5,0.0,0.75
1059742,1059742,2,2.0,16.28,2.0,230,132,1,70.0,0.0,0.5,16.34,6.94,1.0,98.03,2.5,0.0,0.75
1060205,1060205,2,1.0,17.29,2.0,230,132,1,70.0,0.0,0.5,15.0,6.94,1.0,96.69,2.5,0.0,0.75
1060333,1060333,2,1.0,20.63,2.0,230,132,1,70.0,0.0,0.5,16.34,6.94,1.0,98.03,2.5,0.0,0.75
1060458,1060458,1,1.0,16.4,2.0,230,132,1,70.0,3.25,0.5,16.3,6.94,1.0,97.99,2.5,0.0,0.75
1061487,1061487,2,1.0,16.95,2.0,230,132,1,70.0,0.0,0.5,14.95,0.0,1.0,89.7,2.5,0.0,0.75
1061862,1061862,1,1.0,17.0,2.0,230,132,2,70.0,3.25,0.5,0.0,6.94,1.0,81.69,2.5,0.0,0.75
1062623,1062623,2,2.0,15.4,2.0,230,132,2,70.0,0.0,0.5,0.0,0.0,1.0,74.75,2.5,0.0,0.75
1062760,1062760,2,1.0,18.29,2.0,230,132,1,70.0,0.0,0.5,16.34,6.94,1.0,98.03,2.5,0.0,0.75
1062904,1062904,2,2.0,16.1,2.0,230,132,1,70.0,0.0,0.5,16.34,6.94,1.0,98.03,2.5,0.0,0.75
1063041,1063041,2,1.0,15.65,2.0,230,132,1,70.0,0.0,0.5,0.0,0.0,1.0,74.75,2.5,0.0,0.75
1063883,1063883,2,1.0,17.41,2.0,230,132,1,70.0,0.0,0.5,16.34,6.94,1.0,98.03,2.5,0.0,0.75
1064722,1064722,2,1.0,17.42,2.0,230,132,1,70.0,0.0,0.5,20.42,6.94,1.0,102.11,2.5,0.0,0.75
1065369,1065369,2,1.0,16.25,2.0,230,132,1,70.0,0.0,0.5,20.42,6.94,1.0,102.11,2.5,0.0,0.75
1065844,1065844,2,1.0,16.93,2.0,230,132,1,70.0,0.0,0.5,10.0,6.94,1.0,91.69,2.5,0.0,0.75
1066644,1066644,2,2.0,16.19,2.0,230,132,1,70.0,0.0,0.5,16.34,6.94,1.0,98.03,2.5,0.0,0.75
1067078,1067078,2,2.0,16.64,2.0,230,132,1,70.0,0.0,0.5,16.84,6.94,1.0,101.03,2.5,0.0,0.75
1067347,1067347,2,1.0,16.75,2.0,230,132,1,70.0,0.0,0.5,10.0,6.94,1.0,91.69,2.5,0.0,0.75
1067730,1067730,1,1.0,18.9,2.0,230,132,1,70.0,3.25,0.5,16.35,6.94,1.0,98.04,2.5,0.0,0.75
1068679,1068679,1,1.0,16.8,2.0,230,132,1,70.0,3.25,0.5,10.0,6.94,1.0,91.69,2.5,0.0,0.75
1069121,1069121,2,5.0,16.43,2.0,230,132,1,70.0,0.0,0.5,8.2,6.94,1.0,89.89,2.5,0.0,0.75
1069190,1069190,2,1.0,19.09,2.0,230,132,1,70.0,0.0,0.5,16.34,6.94,1.0,98.03,2.5,0.0,0.75
1069473,1069473,2,1.0,15.5,2.0,230,132,1,70.0,0.0,0.5,22.43,0.0,1.0,97.18,2.5,0.0,0.75
1069989,1069989,2,1.0,16.88,2.0,230,132,1,70.0,0.0,0.5,16.34,6.94,1.0,98.03,2.5,0.0,0.75
1070243,1070243,2,2.0,14.74,2.0,230,132,1,70.0,0.0,0.5,14.95,0.0,1.0,89.7,2.5,0.0,0.75
1070614,1070614,2,1.0,16.0,2.0,230,132,1,70.0,0.0,0.5,14.95,0.0,1.0,89.7,2.5,0.0,0.75
1070798,1070798,2,2.0,17.06,2.0,230,132,1,70.0,0.0,0.5,20.42,6.94,1.0,102.11,2.5,0.0,0.75
1071250,1071250,2,4.0,15.35,1.0,230,132,4,-89.1,0.0,-0.5,0.0,0.0,-1.0,-93.85,-2.5,0.0,-0.75
1071251,1071251,2,4.0,15.35,1.0,230,132,4,89.1,0.0,0.5,0.0,0.0,1.0,93.85,2.5,0.0,0.75
1071777,1071777,1,1.0,15.8,2.0,230,132,1,70.0,8.25,0.5,19.95,0.0,1.0,99.7,2.5,0.0,0.75
1072070,1072070,2,1.0,16.33,2.0,230,132,1,70.0,5.0,0.5,17.34,6.94,1.0,104.03,2.5,0.0,0.75
1072638,1072638,2,2.0,16.18,2.0,230,132,1,70.0,5.0,0.5,10.0,0.0,1.0,89.75,2.5,0.0,0.75
1074232,1074232,1,1.0,16.8,2.0,230,132,1,70.0,8.25,0.5,15.95,0.0,1.0,95.7,2.5,0.0,0.75
1075764,1075764,2,2.0,16.24,2.0,230,132,1,70.0,5.0,0.5,17.34,6.94,1.0,104.03,2.5,0.0,0.75
1077999,1077999,2,2.0,16.67,2.0,230,132,1,70.0,5.0,0.5,21.67,6.94,1.0,108.36,2.5,0.0,0.75
1078293,1078293,2,1.0,17.01,2.0,230,132,1,70.0,5.0,0.5,21.67,6.94,1.0,108.36,2.5,0.0,0.75
1079085,1079085,2,2.0,16.63,2.0,230,132,2,70.0,5.0,0.5,0.0,6.94,1.0,86.69,2.5,0.0,0.75
1079888,1079888,2,4.0,17.78,2.0,230,132,1,70.0,5.0,0.5,8.67,6.94,1.0,95.36,2.5,0.0,0.75
1081697,1081697,2,1.0,17.01,2.0,230,132,1,70.0,5.0,0.5,21.67,6.94,1.0,108.36,2.5,0.0,0.75
1083254,1083254,2,1.0,16.83,2.0,230,132,1,70.0,5.0,0.5,17.34,6.94,1.0,104.03,2.5,0.0,0.75
1083369,1083369,1,2.0,17.2,5.0,230,132,2,86.69,0.75,0.0,0.0,0.0,1.0,88.44,0.0,0.0,0.75
1083902,1083902,1,1.0,19.9,5.0,230,132,1,90.0,0.75,0.0,24.65,6.94,1.0,123.34,0.0,0.0,0.75
1088888,1088888,2,1.0,17.04,2.0,230,132,1,70.0,5.0,0.5,17.34,6.94,1.0,104.03,2.5,0.0,0.75
1093168,1093168,2,2.0,13.37,2.0,230,132,1,70.0,5.0,0.5,10.0,6.94,1.0,96.69,2.5,0.0,0.75
1094882,1094882,2,1.0,15.19,5.0,230,132,1,87.0,0.0,0.0,21.84,17.94,1.0,131.03,2.5,0.0,0.75
1096086,1096086,2,2.0,16.06,2.0,230,132,1,70.0,5.0,0.5,17.34,6.94,1.0,104.03,2.5,0.0,0.75
1098945,1098945,2,2.0,17.48,2.0,230,132,1,70.0,5.0,0.5,17.34,6.94,1.0,104.03,2.5,0.0,0.75
1100205,1100205,2,2.0,16.58,2.0,230,132,1,70.0,5.0,0.5,17.34,6.94,1.0,104.03,2.5,0.0,0.75
1103139,1103139,2,1.0,16.71,5.0,230,132,1,97.0,0.0,0.0,20.25,0.0,1.0,121.5,2.5,0.0,0.75
1110343,1110343,7,3.0,16.74,2.0,230,132,1,70.0,0.0,0.5,15.95,0.0,1.0,95.7,2.5,0.0,0.75
1119094,1119094,2,1.0,16.43,2.0,230,132,1,70.0,0.0,0.5,16.34,6.94,1.0,98.03,2.5,0.0,0.75
1126440,1126440,2,3.0,16.38,2.0,230,132,1,70.0,0.0,0.5,14.95,0.0,1.0,89.7,2.5,0.0,0.75
1137933,1137933,2,1.0,17.05,2.0,230,132,1,70.0,0.0,0.5,16.34,6.94,1.0,98.03,2.5,0.0,0.75
1138187,1138187,2,2.0,20.21,2.0,230,132,1,70.0,0.0,0.5,16.34,6.94,1.0,98.03,2.5,0.0,0.75
1138324,1138324,2,2.0,19.87,2.0,230,132,1,70.0,0.0,0.5,25.03,8.69,1.0,108.47,2.5,0.0,0.75
1138350,1138350,2,2.0,16.89,2.0,230,132,1,70.0,0.0,0.5,0.0,6.94,1.0,81.69,2.5,0.0,0.75
1138472,1138472,2,2.0,17.88,2.0,230,132,1,70.0,0.0,0.5,5.0,6.94,1.0,86.69,2.5,0.0,0.75
1139278,1139278,2,1.0,16.79,2.0,230,132,1,70.0,0.0,0.5,24.51,6.94,1.0,106.2,2.5,0.0,0.75
1139785,1139785,2,1.0,28.03,2.0,230,132,2,70.0,0.0,0.5,0.0,6.94,1.0,81.69,2.5,0.0,0.75
1139970,1139970,1,1.0,16.7,2.0,230,132,1,70.0,3.25,0.5,24.5,6.94,1.0,106.19,2.5,0.0,0.75
1140301,1140301,2,2.0,17.38,2.0,230,132,1,70.0,0.0,0.5,4.0,6.94,1.0,85.69,2.5,0.0,0.75
1140995,1140995,1,0.0,17.6,2.0,230,132,1,70.0,3.25,0.5,16.3,6.94,1.0,97.99,2.5,0.0,0.75
1141934,1141934,1,1.0,16.5,2.0,230,132,1,70.0,3.25,0.5,16.0,6.94,1.0,97.69,2.5,0.0,0.75
1145140,1145140,2,2.0,18.9,2.0,230,132,2,70.0,0.0,0.5,0.0,6.94,1.0,81.69,2.5,0.0,0.75
1147746,1147746,2,2.0,14.69,5.0,230,132,1,85.0,0.0,0.0,19.24,6.94,1.0,115.43,2.5,0.0,0.75
1147774,1147774,2,1.0,27.9,2.0,230,132,1,70.0,0.0,0.5,16.34,6.94,1.0,98.03,2.5,0.0,0.75
1147795,1147795,2,4.0,22.42,2.0,230,132,1,70.0,0.0,0.5,0.0,6.94,1.0,81.69,2.5,0.0,0.75
1148450,1148450,1,1.0,18.2,2.0,230,132,2,70.0,3.25,0.5,0.0,6.94,1.0,81.69,2.5,0.0,0.75
1149290,1149290,2,1.0,17.11,2.0,230,132,1,70.0,0.0,0.5,16.34,6.94,1.0,98.03,2.5,0.0,0.75
1154931,1154931,2,1.0,16.69,2.0,230,132,1,70.0,0.0,0.5,24.51,6.94,1.0,106.2,2.5,0.0,0.75
1156401,1156401,2,1.0,16.84,2.0,230,132,4,-70.0,0.0,-0.5,0.0,-6.94,-1.0,-81.69,-2.5,0.0,-0.75
1156402,1156402,2,1.0,16.84,2.0,230,132,4,70.0,0.0,0.5,0.0,6.94,1.0,81.69,2.5,0.0,0.75
1156722,1156722,2,1.0,19.38,3.0,230,132,4,-115.4,0.0,0.0,0.0,-13.88,-1.0,-131.03,0.0,0.0,-0.75
1156723,1156723,2,1.0,19.38,3.0,230,132,4,115.4,0.0,0.0,0.0,13.88,1.0,131.03,0.0,0.0,0.75
1159202,1159202,1,1.0,17.1,2.0,230,132,1,70.0,3.25,0.5,16.35,6.94,1.0,98.04,2.5,0.0,0.75
1160937,1160937,1,1.0,16.9,5.0,230,132,1,85.0,0.75,0.0,17.35,0.0,1.0,104.1,0.0,0.0,0.75
1161900,1161900,1,3.0,18.8,2.0,230,132,1,70.0,3.25,0.5,38.0,6.94,1.0,119.69,2.5,0.0,0.75
1162032,1162032,1,1.0,16.0,2.0,230,132,1,70.0,3.25,0.5,22.45,0.0,1.0,97.2,2.5,0.0,0.75
1162837,1162837,2,1.0,33.54,2.0,230,132,1,70.0,0.0,0.5,16.34,6.94,1.0,98.03,2.5,0.0,0.75
1163836,1163836,1,1.0,16.5,2.0,230,132,1,70.0,3.25,0.5,20.4,6.94,1.0,102.09,2.5,0.0,0.75
1164585,1164585,2,4.0,17.72,2.0,230,132,2,70.0,0.0,0.5,0.0,6.94,1.0,81.69,2.5,0.0,0.75
1164988,1164988,2,3.0,0.0,2.0,230,132,1,70.0,0.0,0.5,9.0,6.94,1.0,90.69,2.5,0.0,0.75
1167812,1167812,2,2.0,15.23,5.0,230,132,1,89.0,0.0,0.0,0.0,6.94,1.0,100.19,2.5,0.0,0.75
1168845,1168845,2,2.0,17.81,2.0,230,132,1,70.0,0.0,0.5,16.34,6.94,1.0,98.03,2.5,0.0,0.75
1171170,1171170,2,3.0,17.56,2.0,230,132,2,70.0,0.0,0.5,0.0,0.0,1.0,74.75,2.5,0.0,0.75
1173214,1173214,1,1.0,17.3,2.0,230,132,1,70.0,3.25,0.5,16.35,6.94,1.0,98.04,2.5,0.0,0.75
1173891,1173891,2,1.0,16.6,2.0,230,132,4,-70.0,0.0,-0.5,0.0,-6.94,-1.0,-81.69,-2.5,0.0,-0.75
1173892,1173892,2,1.0,16.6,2.0,230,132,4,70.0,0.0,0.5,0.0,6.94,1.0,81.69,2.5,0.0,0.75
1174514,1174514,2,2.0,16.79,2.0,230,132,1,70.0,0.0,0.5,0.0,6.94,1.0,81.69,2.5,0.0,0.75
1175265,1175265,2,3.0,18.3,2.0,230,132,1,70.0,0.0,0.5,16.34,6.94,1.0,98.03,2.5,0.0,0.75
1177871,1177871,2,1.0,15.68,2.0,230,132,1,70.0,0.0,0.5,10.0,0.0,1.0,84.75,2.5,0.0,0.75
1177877,1177877,2,4.0,17.78,2.0,230,132,1,70.0,0.0,0.5,14.95,0.0,1.0,89.7,2.5,0.0,0.75
1179599,1179599,2,1.0,14.47,5.0,230,132,1,82.0,0.0,0.0,0.0,0.0,1.0,86.25,2.5,0.0,0.75
1179994,1179994,2,2.0,15.25,5.0,230,132,1,85.0,0.0,0.0,17.85,0.0,1.0,107.1,2.5,0.0,0.75
1180716,1180716,2,1.0,15.07,5.0,230,132,1,85.0,0.0,0.0,11.75,14.0,1.0,115.0,2.5,0.0,0.75
1180914,1180914,2,1.0,16.57,2.0,230,132,1,70.0,0.0,0.5,16.34,6.94,1.0,98.03,2.5,0.0,0.75
1181134,1181134,2,2.0,21.65,2.0,230,132,1,70.0,0.0,0.5,16.34,6.94,1.0,98.03,2.5,0.0,0.75
1181321,1181321,1,1.0,17.3,2.0,230,132,1,70.0,3.25,0.5,24.5,6.94,1.0,106.19,2.5,0.0,0.75
1183044,1183044,2,2.0,17.49,2.0,230,132,1,70.0,0.0,0.5,20.42,6.94,1.0,102.11,2.5,0.0,0.75
1183983,1183983,2,1.0,17.6,2.0,230,132,1,70.0,0.0,0.5,16.34,6.94,1.0,98.03,2.5,0.0,0.75
1184056,1184056,1,3.0,17.1,2.0,230,132,1,70.0,3.25,0.5,16.3,6.94,1.0,97.99,2.5,0.0,0.75
1184992,1184992,2,2.0,17.78,2.0,230,132,2,70.0,0.0,0.5,0.0,6.94,1.0,81.69,2.5,0.0,0.75
1185196,1185196,2,1.0,16.52,2.0,230,132,1,70.0,0.0,0.5,16.34,6.94,1.0,98.03,2.5,0.0,0.75
1185395,1185395,2,4.0,18.07,2.0,230,132,1,70.0,0.0,0.5,16.34,6.94,1.0,98.03,2.5,0.0,0.75
1185758,1185758,2,1.0,16.44,2.0,230,132,1,70.0,0.0,0.5,16.34,6.94,1.0,98.03,2.5,0.0,0.75
1186238,1186238,2,2.0,16.87,2.0,230,132,2,70.0,0.0,0.5,0.0,6.94,1.0,81.69,2.5,0.0,0.75
1186242,1186242,2,1.0,14.7,2.0,230,132,1,70.0,0.0,0.5,14.95,0.0,1.0,89.7,2.5,0.0,0.75
1186531,1186531,1,1.0,15.2,2.0,230,132,1,70.0,3.25,0.5,14.95,0.0,1.0,89.7,2.5,0.0,0.75
1186788,1186788,1,1.0,17.3,5.0,230,132,4,85.0,0.75,0.0,0.0,0.0,1.0,86.75,0.0,0.0,0.75
1187537,1187537,2,4.0,16.46,5.0,230,132,1,100.0,0.0,0.0,27.8,6.94,1.0,138.99,2.5,0.0,0.75
1189689,1189689,2,2.0,15.28,2.0,230,132,1,70.0,5.0,0.5,9.0,6.94,1.0,95.69,2.5,0.0,0.75
1190478,1190478,2,2.0,16.64,2.0,230,132,1,70.0,5.0,0.5,17.34,6.94,1.0,104.03,2.5,0.0,0.75
1191413,1191413,2,1.0,16.94,2.0,230,132,2,70.0,5.0,0.5,0.0,6.94,1.0,86.69,2.5,0.0,0.75
1192343,1192343,2,1.0,15.83,2.0,230,132,1,70.0,5.0,0.5,26.01,6.94,1.0,112.7,2.5,0.0,0.75
1194988,1194988,2,4.0,17.24,5.0,230,132,4,-88.0,0.0,0.0,0.0,0.0,-1.0,-92.25,-2.5,0.0,-0.75
1194989,1194989,2,4.0,17.24,5.0,230,132,4,88.0,0.0,0.0,0.0,0.0,1.0,92.25,2.5,0.0,0.75
1195012,1195012,2,1.0,16.3,2.0,230,132,1,70.0,5.0,0.5,21.67,6.94,1.0,108.36,2.5,0.0,0.75
1195305,1195305,2,1.0,15.93,2.0,230,132,1,70.0,5.0,0.5,10.0,6.94,1.0,96.69,2.5,0.0,0.75
1195667,1195667,2,3.0,16.01,2.0,230,132,1,70.0,5.0,0.5,21.67,6.94,1.0,108.36,2.5,0.0,0.75
1197557,1197557,2,2.0,16.27,2.0,230,132,1,70.0,5.0,0.5,21.67,6.94,1.0,108.36,2.5,0.0,0.75
1197697,1197697,2,1.0,16.21,2.0,230,132,1,70.0,5.0,0.5,10.0,6.94,1.0,96.69,2.5,0.0,0.75
1199210,1199210,2,2.0,15.99,2.0,230,132,1,70.0,5.0,0.5,3.0,6.94,1.0,89.69,2.5,0.0,0.75
1200987,1200987,2,1.0,16.8,2.0,230,132,1,70.0,5.0,0.5,17.34,6.94,1.0,104.03,2.5,0.0,0.75
1201896,1201896,2,2.0,15.04,2.0,230,132,1,70.0,5.0,0.5,17.34,6.94,1.0,104.03,2.5,0.0,0.75
1202158,1202158,2,1.0,16.73,2.0,230,132,1,70.0,5.0,0.5,16.0,6.94,1.0,102.69,2.5,0.0,0.75
1202372,1202372,2,1.0,15.38,2.0,230,132,2,-70.0,-5.0,-0.5,0.0,0.0,-1.0,-79.75,-2.5,0.0,-0.75
1202373,1202373,2,1.0,15.38,2.0,230,132,2,70.0,5.0,0.5,0.0,0.0,1.0,79.75,2.5,0.0,0.75
1203870,1203870,2,2.0,17.63,2.0,230,132,1,70.0,5.0,0.5,10.0,6.94,1.0,96.69,2.5,0.0,0.75
1204988,1204988,2,2.0,16.94,2.0,230,132,1,70.0,5.0,0.5,17.34,6.94,1.0,104.03,2.5,0.0,0.75
1206792,1206792,2,2.0,15.12,2.0,230,132,1,70.0,5.0,0.5,15.95,0.0,1.0,95.7,2.5,0.0,0.75
1209489,1209489,1,1.0,16.5,2.0,230,132,1,70.0,8.25,0.5,17.35,6.94,1.0,104.04,2.5,0.0,0.75
1211176,1211176,2,2.0,16.68,2.0,230,132,4,-70.0,-5.0,-0.5,0.0,-6.94,-1.0,-86.69,-2.5,0.0,-0.75
1211177,1211177,2,2.0,16.68,2.0,230,132,4,70.0,5.0,0.5,0.0,6.94,1.0,86.69,2.5,0.0,0.75
1216871,1216871,2,2.0,16.76,2.0,230,132,1,70.0,5.0,0.5,5.0,6.94,1.0,91.69,2.5,0.0,0.75
1219224,1219224,2,1.0,17.69,2.0,230,132,1,70.0,0.0,0.5,6.0,6.94,1.0,87.69,2.5,0.0,0.75
1221777,1221777,2,2.0,16.41,2.0,230,132,1,70.0,0.0,0.5,16.34,6.94,1.0,98.03,2.5,0.0,0.75
1222171,1222171,2,1.0,17.46,2.0,230,132,1,70.0,0.0,0.5,16.34,6.94,1.0,98.03,2.5,0.0,0.75
1237662,1237662,2,1.0,18.42,2.0,230,132,1,70.0,0.0,0.5,16.34,6.94,1.0,98.03,2.5,0.0,0.75
1239449,1239449,2,5.0,18.05,2.0,230,132,1,70.0,0.0,0.5,14.95,0.0,1.0,89.7,2.5,0.0,0.75
1258230,1258230,2,1.0,16.95,2.0,230,132,1,70.0,0.0,0.5,16.34,6.94,1.0,98.03,2.5,0.0,0.75
1260860,1260860,2,4.0,15.54,5.0,230,132,1,75.0,0.0,0.0,10.0,6.94,1.0,96.19,2.5,0.0,0.75
1261082,1261082,2,2.0,17.32,2.0,230,132,1,70.0,0.0,0.5,10.0,6.94,1.0,91.69,2.5,0.0,0.75
1261239,1261239,2,1.0,17.4,2.0,230,132,1,70.0,0.0,0.5,14.95,0.0,1.0,89.7,2.5,0.0,0.75
1261939,1261939,2,2.0,17.84,2.0,230,132,1,70.0,0.0,0.5,16.34,6.94,1.0,98.03,2.5,0.0,0.75
1262066,1262066,2,2.0,17.04,2.0,230,132,1,70.0,0.0,0.5,16.34,6.94,1.0,98.03,2.5,0.0,0.75
1262090,1262090,2,2.0,17.2,2.0,230,132,1,70.0,0.0,0.5,16.34,6.94,1.0,98.03,2.5,0.0,0.75
1262304,1262304,2,1.0,17.29,2.0,230,132,1,70.0,0.0,0.5,16.34,6.94,1.0,98.03,2.5,0.0,0.75
1262741,1262741,2,2.0,17.32,2.0,230,132,1,70.0,0.0,0.5,16.34,6.94,1.0,98.03,2.5,0.0,0.75
1262844,1262844,2,1.0,17.63,2.0,230,132,1,70.0,0.0,0.5,16.34,6.94,1.0,98.03,2.5,0.0,0.75
1263247,1263247,2,4.0,18.86,2.0,230,132,1,70.0,0.0,0.5,0.0,6.94,1.0,81.69,2.5,0.0,0.75
1265272,1265272,2,4.0,17.05,2.0,230,132,2,70.0,0.0,0.5,0.0,6.94,1.0,81.69,2.5,0.0,0.75
1265767,1265767,2,2.0,20.14,2.0,230,132,1,70.0,0.0,0.5,0.0,6.94,1.0,81.69,2.5,0.0,0.75
1268443,1268443,2,1.0,17.55,2.0,230,132,1,70.0,0.0,0.5,16.34,6.94,1.0,98.03,2.5,0.0,0.75
1269333,1269333,2,2.0,17.91,1.0,230,132,1,71.6,0.0,0.5,0.0,6.94,1.0,83.29,2.5,0.0,0.75
1269567,1269567,2,2.0,17.4,2.0,230,132,1,70.0,0.0,0.5,0.0,6.94,1.0,81.69,2.5,0.0,0.75
1269760,1269760,2,2.0,16.87,2.0,230,132,1,70.0,0.0,0.5,5.0,6.94,1.0,86.69,2.5,0.0,0.75
1271865,1271865,2,2.0,16.79,2.0,230,132,1,70.0,0.0,0.5,0.0,6.94,1.0,81.69,2.5,0.0,0.75
1272785,1272785,2,2.0,17.75,2.0,230,132,2,70.0,0.0,0.5,0.0,6.94,1.0,81.69,2.5,0.0,0.75
1273284,1273284,2,4.0,17.06,2.0,230,132,2,70.0,0.0,0.5,0.0,6.94,1.0,81.69,2.5,0.0,0.75
1274278,1274278,1,1.0,16.4,2.0,230,132,1,70.0,3.25,0.5,16.35,6.94,1.0,98.04,2.5,0.0,0.75
1276137,1276137,1,1.0,16.2,2.0,230,132,1,70.0,3.25,0.5,10.0,6.94,1.0,91.69,2.5,0.0,0.75
1276269,1276269,2,2.0,14.16,2.0,230,132,1,70.0,0.0,0.5,16.34,6.94,1.0,98.03,2.5,0.0,0.75
1276278,1276278,1,1.0,18.5,2.0,230,132,1,70.0,3.25,0.5,0.0,16.06,1.0,90.81,2.5,0.0,0.75
1276636,1276636,2,1.0,17.26,2.0,230,132,1,70.0,0.0,0.5,9.0,6.94,1.0,93.19,2.5,0.0,0.75
1277845,1277845,2,2.0,16.32,2.0,230,132,1,70.0,0.0,0.5,10.0,6.94,1.0,91.69,2.5,0.0,0.75
1278214,1278214,2,2.0,16.76,2.0,230,132,1,70.0,0.0,0.5,16.34,6.94,1.0,98.03,2.5,0.0,0.75
1278242,1278242,2,2.0,16.72,2.0,230,132,1,70.0,0.0,0.5,10.0,6.94,1.0,91.69,2.5,0.0,0.75
1278878,1278878,2,1.0,16.08,5.0,230,132,1,120.0,0.0,0.0,24.85,0.0,1.0,149.1,2.5,0.0,0.75
1279043,1279043,2,4.0,16.95,2.0,230,132,1,70.0,0.0,0.5,0.1,0.0,1.0,74.85,2.5,0.0,0.75
1279630,1279630,1,2.0,19.3,2.0,230,132,1,70.0,3.25,0.5,9.0,6.94,1.0,90.69,2.5,0.0,0.75
1279762,1279762,2,2.0,18.42,2.0,230,132,2,70.0,0.0,0.5,0.0,6.94,1.0,81.69,2.5,0.0,0.75
1280514,1280514,2,2.0,16.99,2.0,230,132,1,70.0,0.0,0.5,16.34,6.94,1.0,98.03,2.5,0.0,0.75
1280594,1280594,2,1.0,18.1,2.0,230,132,1,70.0,0.0,0.5,16.34,6.94,1.0,98.03,2.5,0.0,0.75
1281220,1281220,2,4.0,17.88,2.0,230,132,1,70.0,0.0,0.5,16.34,6.94,1.0,98.03,2.5,0.0,0.75
1281597,1281597,1,2.0,17.0,2.0,230,132,1,70.0,3.25,0.5,10.0,6.94,1.0,91.69,2.5,0.0,0.75
1284170,1284170,2,2.0,17.15,2.0,230,132,4,-70.0,0.0,-0.5,0.0,-6.94,-1.0,-81.69,-2.5,0.0,-0.75
1284171,1284171,2,2.0,17.15,2.0,230,132,4,70.0,0.0,0.5,0.0,6.94,1.0,81.69,2.5,0.0,0.75
1287376,1287376,2,2.0,16.31,2.0,230,132,1,70.0,0.0,0.5,5.0,6.94,1.0,86.69,2.5,0.0,0.75
1290340,1290340,2,1.0,16.07,2.0,230,132,2,70.0,0.0,0.5,0.0,0.0,1.0,74.75,2.5,0.0,0.75
1290560,1290560,2,1.0,17.6,2.0,230,132,1,70.0,0.0,0.5,10.0,13.88,1.0,98.63,2.5,0.0,0.75
1290877,1290877,2,3.0,17.17,2.0,230,132,1,70.0,0.0,0.5,16.19,6.94,1.0,97.88,2.5,0.0,0.75
1292991,1292991,2,3.0,17.14,2.0,230,132,1,70.0,0.0,0.5,16.34,6.94,1.0,98.03,2.5,0.0,0.75
1293779,1293779,1,1.0,17.0,2.0,230,132,1,70.0,3.25,0.5,14.95,0.0,1.0,89.7,2.5,0.0,0.75
1293837,1293837,2,2.0,16.6,2.0,230,132,1,70.0,0.0,0.5,16.34,6.94,1.0,98.03,2.5,0.0,0.75
1293915,1293915,2,1.0,15.37,2.0,230,132,2,70.0,0.0,0.5,0.0,0.0,1.0,74.75,2.5,0.0,0.75
1294666,1294666,2,3.0,18.15,2.0,230,132,1,70.0,0.0,0.5,4.0,6.94,1.0,85.69,2.5,0.0,0.75
1294686,1294686,2,1.0,16.09,5.0,230,132,1,85.0,0.0,0.0,0.0,0.0,1.0,89.25,2.5,0.0,0.75
1296172,1296172,2,4.0,17.21,2.0,230,132,1,70.0,0.0,0.5,0.0,0.0,1.0,74.75,2.5,0.0,0.75
1296615,1296615,2,1.0,16.53,5.0,230,132,1,100.0,0.0,0.0,22.24,6.94,1.0,133.43,2.5,0.0,0.75
1297346,1297346,2,2.0,17.26,2.0,230,132,2,70.0,0.0,0.5,0.0,6.94,1.0,81.69,2.5,0.0,0.75
1297518,1297518,2,1.0,22.16,2.0,230,132,1,70.0,0.0,0.5,16.34,6.94,1.0,98.03,2.5,0.0,0.75
1300062,1300062,2,2.0,19.14,2.0,230,132,2,70.0,0.0,0.5,0.0,0.0,1.0,74.75,2.5,0.0,0.75
1302050,1302050,2,2.0,17.7,2.0,230,132,2,70.0,0.0,0.5,0.0,6.94,1.0,81.69,2.5,0.0,0.75
1303465,1303465,1,1.0,16.8,5.0,230,132,2,85.0,0.75,0.0,0.0,6.94,1.0,93.69,0.0,0.0,0.75
1303607,1303607,2,2.0,17.08,2.0,230,132,1,70.0,0.0,0.5,3.0,0.0,1.0,80.25,2.5,0.0,0.75
1304730,1304730,2,1.0,16.64,2.0,230,132,1,70.0,0.0,0.5,20.42,6.94,1.0,102.11,2.5,0.0,0.75
1305582,1305582,2,3.0,15.48,2.0,230,132,1,70.0,0.0,0.5,16.34,6.94,1.0,98.03,2.5,0.0,0.75
1307095,1307095,2,2.0,16.44,2.0,230,132,1,70.0,0.0,0.5,16.34,6.94,1.0,98.03,2.5,0.0,0.75
1307671,1307671,2,2.0,17.17,2.0,230,132,2,-70.0,0.0,-0.5,0.0,-6.94,-1.0,-81.69,-2.5,0.0,-0.75
1307672,1307672,2,2.0,17.17,2.0,230,132,2,70.0,0.0,0.5,0.0,6.94,1.0,81.69,2.5,0.0,0.75
1307757,1307757,2,1.0,17.76,5.0,230,132,1,85.0,0.0,0.0,17.85,0.0,1.0,107.1,2.5,0.0,0.75
1312747,1312747,2,2.0,16.97,2.0,230,132,1,70.0,0.0,0.5,16.34,6.94,1.0,98.03,2.5,0.0,0.75
1313858,1313858,2,2.0,15.78,2.0,230,132,1,70.0,0.0,0.5,16.34,6.94,1.0,98.03,2.5,0.0,0.75
1315766,1315766,2,1.0,17.75,5.0,230,132,2,90.0,0.0,0.0,0.0,14.69,1.0,108.94,2.5,0.0,0.75
1315781,1315781,2,2.0,17.89,2.0,230,132,1,70.0,0.0,0.5,16.34,6.94,1.0,98.03,2.5,0.0,0.75
1316649,1316649,2,1.0,16.77,2.0,230,132,1,70.0,0.0,0.5,16.34,6.94,1.0,98.03,2.5,0.0,0.75
1317222,1317222,2,1.0,17.51,2.0,230,132,1,70.0,0.0,0.5,14.95,0.0,1.0,89.7,2.5,0.0,0.75
1317452,1317452,2,1.0,16.28,5.0,230,132,1,95.0,0.0,0.0,10.0,6.94,1.0,116.19,2.5,0.0,0.75
1321231,1321231,1,1.0,15.8,2.0,230,132,2,70.0,3.25,0.5,0.0,6.94,1.0,81.69,2.5,0.0,0.75
1328462,1328462,2,2.0,16.71,2.0,230,132,1,70.0,0.0,0.5,0.0,6.94,1.0,81.69,2.5,0.0,0.75
1331966,1331966,2,3.0,20.2,1.0,230,132,4,-89.8,0.0,-0.5,0.0,0.0,-1.0,-94.55,-2.5,0.0,-0.75
1331967,1331967,2,3.0,20.2,1.0,230,132,4,89.8,0.0,0.5,0.0,0.0,1.0,94.55,2.5,0.0,0.75
1337412,1337412,2,3.0,15.68,5.0,230,132,1,85.0,0.0,0.0,10.0,0.0,1.0,99.25,2.5,0.0,0.75
1337994,1337994,2,1.0,18.08,2.0,230,132,2,70.0,0.0,0.5,0.0,6.94,1.0,81.69,2.5,0.0,0.75
1346383,1346383,2,2.0,16.86,2.0,230,132,1,70.0,0.0,0.5,16.34,6.94,1.0,98.03,2.5,0.0,0.75
1370696,1370696,2,2.0,16.73,2.0,230,132,1,70.0,0.0,0.5,0.0,6.94,1.0,81.69,2.5,0.0,0.75
1372778,1372778,2,3.0,16.75,2.0,230,132,2,70.0,0.0,0.5,0.0,6.94,1.0,81.69,2.5,0.0,0.75
1372837,1372837,2,1.0,1.52,2.0,230,132,1,70.0,0.0,0.5,0.0,6.94,1.0,81.69,2.5,0.0,0.75
1372852,1372852,2,2.0,17.38,2.0,230,132,1,70.0,0.0,0.5,20.42,6.94,1.0,102.11,2.5,0.0,0.75
1373739,1373739,2,2.0,18.06,2.0,230,132,1,70.0,0.0,0.5,19.31,0.0,1.0,96.56,2.5,0.0,0.75
1373931,1373931,2,2.0,17.45,2.0,230,132,1,70.0,0.0,0.5,14.95,0.0,1.0,89.7,2.5,0.0,0.75
1373980,1373980,2,4.0,16.67,5.0,230,132,4,-95.0,0.0,0.0,0.0,0.0,-1.0,-99.25,-2.5,0.0,-0.75
1373981,1373981,2,4.0,16.67,5.0,230,132,4,95.0,0.0,0.0,0.0,0.0,1.0,99.25,2.5,0.0,0.75
1374166,1374166,1,1.0,16.9,2.0,230,132,1,70.0,3.25,0.5,10.0,6.94,1.0,91.69,2.5,0.0,0.75
1374330,1374330,1,2.0,17.2,2.0,230,132,2,70.0,3.25,0.5,0.0,0.0,1.0,74.75,2.5,0.0,0.75
1374434,1374434,2,3.0,17.6,2.0,230,132,1,70.0,0.0,0.5,16.34,6.94,1.0,98.03,2.5,0.0,0.75
1374494,1374494,2,2.0,17.06,2.0,230,132,2,70.0,0.0,0.5,0.0,0.0,1.0,74.75,2.5,0.0,0.75
1374526,1374526,2,2.0,17.14,2.0,230,132,1,70.0,0.0,0.5,20.42,6.94,1.0,102.11,2.5,0.0,0.75
1374921,1374921,2,2.0,16.8,2.0,230,132,1,70.0,0.0,0.5,16.34,6.94,1.0,98.03,2.5,0.0,0.75
1374963,1374963,2,1.0,18.07,2.0,230,132,1,70.0,0.0,0.5,16.34,6.94,1.0,98.03,2.5,0.0,0.75
1375070,1375070,2,2.0,17.03,2.0,230,132,1,70.0,0.0,0.5,16.34,6.94,1.0,98.03,2.5,0.0,0.75
1375223,1375223,2,1.0,17.14,2.0,230,132,1,70.0,0.0,0.5,24.51,6.94,1.0,106.2,2.5,0.0,0.75
1375659,1375659,1,1.0,16.9,2.0,230,132,1,70.0,3.25,0.5,16.35,6.94,1.0,98.04,2.5,0.0,0.75
1375953,1375953,2,1.0,17.78,2.0,230,132,1,70.0,0.0,0.5,16.34,6.94,1.0,98.03,2.5,0.0,0.75
1376203,1376203,2,1.0,17.97,2.0,230,132,1,70.0,0.0,0.5,3.0,6.94,1.0,84.69,2.5,0.0,0.75
1378380,1378380,2,1.0,17.14,2.0,230,132,1,70.0,0.0,0.5,16.34,6.94,1.0,98.03,2.5,0.0,0.75
1378559,1378559,2,2.0,17.75,2.0,230,132,1,70.0,0.0,0.5,16.34,6.94,1.0,98.03,2.5,0.0,0.75
1378899,1378899,2,2.0,17.28,2.0,230,132,1,70.0,0.0,0.5,14.95,0.0,1.0,89.7,2.5,0.0,0.75
1379170,1379170,2,2.0,17.87,2.0,230,132,1,70.0,0.0,0.5,0.0,6.94,1.0,81.69,2.5,0.0,0.75
1380615,1380615,2,2.0,17.63,2.0,230,132,1,70.0,0.0,0.5,16.34,6.94,1.0,98.03,2.5,0.0,0.75
1381494,1381494,2,2.0,16.97,2.0,230,132,1,70.0,0.0,0.5,16.34,6.94,1.0,98.03,2.5,0.0,0.75
1381525,1381525,2,2.0,17.09,2.0,230,132,1,70.0,0.0,0.5,16.34,6.94,1.0,98.03,2.5,0.0,0.75
1381956,1381956,2,2.0,17.14,2.0,230,132,1,70.0,0.0,0.5,16.34,6.94,1.0,98.03,2.5,0.0,0.75
1382157,1382157,2,3.0,23.24,2.0,230,132,1,70.0,0.0,0.5,0.0,6.94,1.0,81.69,2.5,0.0,0.75
1382370,1382370,2,1.0,17.78,2.0,230,132,1,70.0,0.0,0.5,16.34,6.94,1.0,98.03,2.5,0.0,0.75
1383502,1383502,2,2.0,17.2,2.0,230,132,1,70.0,0.0,0.5,16.34,6.94,1.0,98.03,2.5,0.0,0.75
1383685,1383685,1,1.0,18.1,2.0,230,132,1,70.0,3.25,0.0,15.0,6.94,1.0,96.19,2.5,0.0,0.75
1383760,1383760,2,3.0,18.6,2.0,230,132,1,70.0,0.0,0.5,16.34,6.94,1.0,98.03,2.5,0.0,0.75
1383863,1383863,1,1.0,17.2,2.0,230,132,2,70.0,3.25,0.5,0.0,6.94,1.0,81.69,2.5,0.0,0.75
1384917,1384917,2,1.0,17.79,2.0,230,132,1,70.0,0.0,0.5,20.42,6.94,1.0,102.11,2.5,0.0,0.75
1385031,1385031,2,3.0,17.43,2.0,230,132,1,70.0,0.0,0.5,16.34,6.94,1.0,98.03,2.5,0.0,0.75
1385556,1385556,2,2.0,18.04,2.0,230,132,1,70.0,0.0,0.5,16.34,6.94,1.0,98.03,2.5,0.0,0.75
1386512,1386512,2,2.0,17.56,2.0,230,132,1,70.0,0.0,0.5,20.42,6.94,1.0,102.11,2.5,0.0,0.75
1386767,1386767,2,1.0,16.85,2.0,230,132,1,70.0,0.0,0.5,16.34,6.94,1.0,98.03,2.5,0.0,0.75
1387839,1387839,2,4.0,18.23,2.0,230,132,1,70.0,0.0,0.5,16.34,6.94,1.0,98.03,2.5,0.0,0.75
1388999,1388999,2,1.0,16.4,2.0,230,132,1,70.0,0.0,0.5,14.95,0.0,1.0,89.7,2.5,0.0,0.75
1389400,1389400,2,1.0,18.0,2.0,230,132,1,70.0,0.0,0.5,10.0,6.94,1.0,91.69,2.5,0.0,0.75
1390174,1390174,2,3.0,17.9,2.0,230,132,1,70.0,0.0,0.5,10.0,6.94,1.0,91.69,2.5,0.0,0.75
1390341,1390341,2,2.0,17.29,2.0,230,132,1,70.0,0.0,0.5,16.34,6.94,1.0,98.03,2.5,0.0,0.75
1392625,1392625,2,4.0,16.84,2.0,230,132,1,70.0,0.0,0.5,20.42,6.94,1.0,102.11,2.5,0.0,0.75
1393062,1393062,2,3.0,16.76,2.0,230,132,1,70.0,0.0,0.5,16.34,6.94,1.0,98.03,2.5,0.0,0.75
1393606,1393606,2,1.0,17.25,2.0,230,132,1,70.0,0.0,0.5,16.34,6.94,1.0,98.03,2.5,0.0,0.75
1395050,1395050,2,3.0,16.36,2.0,230,132,1,70.0,0.0,0.5,16.34,6.94,1.0,100.53,2.5,0.0,0.75
1395438,1395438,2,4.0,16.87,2.0,230,132,2,70.0,0.0,0.5,0.0,6.94,1.0,81.69,2.5,0.0,0.75
1395868,1395868,2,1.0,17.53,2.0,230,132,2,70.0,0.0,0.5,0.0,6.94,1.0,81.69,2.5,0.0,0.75
1396677,1396677,2,2.0,18.4,2.0,230,132,2,70.0,0.0,0.5,0.0,0.0,1.0,74.75,2.5,0.0,0.75
1397919,1397919,2,2.0,17.63,2.0,230,132,1,70.0,0.0,0.5,10.0,6.94,1.0,91.69,2.5,0.0,0.75
1398366,1398366,2,1.0,17.45,2.0,230,132,1,70.0,0.0,0.5,10.0,6.94,1.0,91.69,2.5,0.0,0.75
1398595,1398595,2,1.0,11.21,2.0,230,132,2,70.0,0.0,0.5,0.0,6.94,1.0,81.69,2.5,0.0,0.75
1399326,1399326,1,4.0,16.6,2.0,230,132,1,70.0,3.25,0.5,0.0,6.94,1.0,81.69,2.5,0.0,0.75
1399707,1399707,2,2.0,17.13,2.0,230,132,1,70.0,0.0,0.5,10.0,6.94,1.0,91.69,2.5,0.0,0.75
1399977,1399977,2,2.0,17.88,2.0,230,132,1,70.0,0.0,0.5,16.34,6.94,1.0,98.03,2.5,0.0,0.75
1400740,1400740,1,2.0,18.1,5.0,230,132,2,84.69,0.75,0.0,0.0,0.0,1.0,86.44,0.0,0.0,0.75
1401245,1401245,1,1.0,16.3,2.0,230,132,2,70.0,3.25,0.5,0.0,0.0,1.0,74.75,2.5,0.0,0.75
1401635,1401635,2,2.0,16.91,2.0,230,132,1,70.0,0.0,0.5,16.34,6.94,1.0,98.03,2.5,0.0,0.75
1401824,1401824,2,2.0,16.95,2.0,230,132,1,70.0,0.0,0.5,16.34,6.94,1.0,98.03,2.5,0.0,0.75
1401951,1401951,2,2.0,17.67,5.0,230,132,1,85.0,0.0,0.0,22.31,0.0,1.0,111.56,2.5,0.0,0.75
1402490,1402490,2,1.0,17.95,2.0,230,132,1,70.0,0.0,0.5,16.34,6.94,1.0,98.03,2.5,0.0,0.75
1403381,1403381,2,1.0,16.44,5.0,230,132,4,-85.0,0.0,0.0,0.0,-6.94,-1.0,-96.19,-2.5,0.0,-0.75
1403382,1403382,2,1.0,16.44,5.0,230,132,4,85.0,0.0,0.0,0.0,6.94,1.0,96.19,2.5,0.0,0.75
1403434,1403434,2,2.0,16.52,5.0,230,132,1,95.0,0.0,0.0,0.0,0.0,1.0,99.25,2.5,0.0,0.75
1403617,1403617,2,4.0,17.13,5.0,230,132,1,98.0,0.0,0.0,0.0,13.88,1.0,116.13,2.5,0.0,0.75
1404411,1404411,2,1.0,16.51,2.0,230,132,1,70.0,0.0,0.5,16.34,6.94,1.0,98.03,2.5,0.0,0.75
1404456,1404456,1,3.0,17.1,2.0,230,132,1,70.0,3.25,0.5,14.95,0.0,1.0,89.7,2.5,0.0,0.75
1404483,1404483,1,1.0,15.8,5.0,230,132,1,85.0,0.75,0.0,23.4,6.94,1.0,117.09,0.0,0.0,0.75
1405087,1405087,2,1.0,16.91,2.0,230,132,2,70.0,0.0,0.5,0.0,6.94,1.0,81.69,2.5,0.0,0.75
1405105,1405105,1,1.0,17.4,2.0,230,132,1,70.0,3.25,0.5,0.0,0.0,1.0,74.75,2.5,0.0,0.75
1405149,1405149,2,1.0,17.23,2.0,230,132,1,70.0,0.0,0.5,16.34,6.94,1.0,98.03,2.5,0.0,0.75
1405965,1405965,2,2.0,17.36,2.0,230,132,1,70.0,0.0,0.5,20.42,6.94,1.0,102.11,2.5,0.0,0.75
1406423,1406423,2,1.0,16.74,2.0,230,132,1,70.0,0.0,0.5,16.34,6.94,1.0,98.03,2.5,0.0,0.75
1408172,1408172,1,1.0,17.5,2.0,230,132,1,70.0,3.25,0.5,10.0,0.0,1.0,84.75,2.5,0.0,0.75
1408363,1408363,2,2.0,17.35,2.0,230,132,1,70.0,0.0,0.5,16.34,6.94,1.0,98.03,2.5,0.0,0.75
1408992,1408992,1,1.0,17.0,2.0,230,132,2,70.0,3.25,0.5,0.0,6.94,1.0,81.69,2.5,0.0,0.75
1409366,1409366,2,1.0,16.96,5.0,230,132,1,95.0,0.0,0.0,19.85,0.0,1.0,119.1,2.5,0.0,0.75
1410456,1410456,2,2.0,17.15,2.0,230,132,2,70.0,0.0,0.5,0.0,6.94,1.0,81.69,2.5,0.0,0.75
1410519,1410519,1,1.0,14.1,5.0,230,132,1,85.0,0.75,0.0,17.35,0.0,1.0,104.1,0.0,0.0,0.75
1412002,1412002,2,2.0,15.97,2.0,230,132,1,70.0,0.0,0.5,16.34,6.94,1.0,98.03,2.5,0.0,0.75
1413167,1413167,2,1.0,20.97,2.0,230,132,1,70.0,0.0,0.5,24.51,6.94,1.0,106.2,2.5,0.0,0.75
1413201,1413201,2,1.0,17.19,2.0,230,132,1,70.0,0.0,0.5,10.0,6.94,1.0,91.69,2.5,0.0,0.75
1413977,1413977,2,2.0,17.04,2.0,230,132,1,70.0,0.0,0.5,24.51,6.94,1.0,106.2,2.5,0.0,0.75
1414868,1414868,1,3.0,17.6,2.0,230,132,1,70.0,3.25,0.5,18.31,6.94,1.0,100.0,2.5,0.0,0.75
1416427,1416427,2,2.0,17.09,2.0,230,132,1,70.0,0.0,0.5,16.34,6.94,1.0,98.03,2.5,0.0,0.75
1416901,1416901,2,1.0,16.77,2.0,230,132,1,70.0,0.0,0.5,16.34,6.94,1.0,98.03,2.5,0.0,0.75
1416907,1416907,2,2.0,17.47,2.0,230,132,1,70.0,0.0,0.5,20.42,6.94,1.0,102.11,2.5,0.0,0.75
1417884,1417884,2,2.0,16.78,2.0,230,132,1,70.0,0.0,0.5,5.0,6.94,1.0,86.69,2.5,0.0,0.75
1418644,1418644,2,4.0,18.23,2.0,230,132,4,-70.0,0.0,-0.5,0.0,-6.94,-1.0,-81.69,-2.5,0.0,-0.75
1419792,1419792,2,2.0,18.17,2.0,230,132,1,70.0,0.0,0.5,10.0,6.94,1.0,91.69,2.5,0.0,0.75
1419896,1419896,2,1.0,17.09,2.0,230,132,1,70.0,0.0,0.5,20.42,6.94,1.0,102.11,2.5,0.0,0.75
1420673,1420673,2,3.0,17.22,2.0,230,132,1,70.0,0.0,0.5,0.0,6.94,1.0,81.69,2.5,0.0,0.75
1422202,1422202,2,1.0,16.66,2.0,230,132,3,-70.0,0.0,-0.5,0.0,-6.94,-1.0,-81.69,-2.5,0.0,-0.75
1422203,1422203,2,1.0,16.66,2.0,230,132,3,70.0,0.0,0.5,0.0,6.94,1.0,81.69,2.5,0.0,0.75
1422543,1422543,2,2.0,16.57,2.0,230,132,1,70.0,0.0,0.5,16.34,6.94,1.0,98.03,2.5,0.0,0.75
1422964,1422964,2,2.0,17.58,2.0,230,132,2,70.0,0.0,0.5,0.0,6.94,1.0,81.69,2.5,0.0,0.75
1423466,1423466,2,1.0,16.47,2.0,230,132,1,70.0,0.0,0.5,5.5,0.0,1.0,80.25,2.5,0.0,0.75
1424233,1424233,1,2.0,16.9,2.0,230,132,1,70.0,3.25,0.5,3.31,6.94,1.0,85.0,2.5,0.0,0.75
1426181,1426181,2,1.0,17.57,2.0,230,132,1,70.0,0.0,0.5,14.95,0.0,1.0,89.7,2.5,0.0,0.75
1426994,1426994,2,1.0,17.95,2.0,230,132,1,70.0,0.0,0.5,16.34,6.94,1.0,98.03,2.5,0.0,0.75
1427006,1427006,1,2.0,17.3,2.0,230,132,1,70.0,3.25,0.5,12.25,6.94,1.0,93.94,2.5,0.0,0.75
1427304,1427304,2,1.0,17.39,2.0,230,132,1,70.0,0.0,0.5,0.0,6.94,1.0,81.69,2.5,0.0,0.75
1427529,1427529,2,1.0,17.7,2.0,230,132,2,-70.0,0.0,-0.5,0.0,0.0,-1.0,-74.75,-2.5,0.0,-0.75
1427530,1427530,2,1.0,17.7,2.0,230,132,2,70.0,0.0,0.5,0.0,0.0,1.0,74.75,2.5,0.0,0.75
1429567,1429567,1,0.0,17.1,2.0,230,132,1,70.0,3.25,0.5,16.3,6.94,1.0,97.99,2.5,0.0,0.75
1430080,1430080,2,1.0,17.45,2.0,230,132,1,70.0,0.0,0.5,0.0,6.94,1.0,81.69,2.5,0.0,0.75
1430681,1430681,2,1.0,17.45,2.0,230,132,1,70.0,0.0,0.5,16.34,6.94,1.0,98.03,2.5,0.0,0.75
1433937,1433937,2,2.0,17.27,2.0,230,132,1,70.0,0.0,0.5,17.34,11.94,1.0,104.03,2.5,0.0,0.75
1434041,1434041,2,2.0,17.84,2.0,230,132,2,70.0,0.0,0.5,0.0,6.94,1.0,81.69,2.5,0.0,0.75
1435460,1435460,2,1.0,17.75,2.0,230,132,1,70.0,0.0,0.5,4.27,6.94,1.0,85.96,2.5,0.0,0.75
1436734,1436734,2,2.0,16.89,2.0,230,132,1,70.0,0.0,0.5,16.34,6.94,1.0,98.03,2.5,0.0,0.75
1444273,1444273,2,1.0,17.58,2.0,230,132,2,70.0,0.0,0.5,0.0,6.94,1.0,81.69,2.5,0.0,0.75
1444775,1444775,2,1.0,17.7,2.0,230,132,1,70.0,0.0,0.5,0.0,0.0,1.0,74.75,2.5,0.0,0.75
1447158,1447158,1,1.0,16.1,2.0,230,132,1,70.0,3.25,0.5,15.0,6.94,1.0,96.69,2.5,0.0,0.75
1449023,1449023,2,2.0,16.75,3.0,230,132,1,94.4,1.0,0.0,2.0,6.94,1.0,106.09,0.0,0.0,0.75
1457492,1457492,2,1.0,23.57,2.0,230,132,1,70.0,0.0,0.5,0.0,6.94,1.0,81.69,2.5,0.0,0.75
1457603,1457603,1,1.0,16.8,2.0,230,132,1,70.0,3.25,0.5,16.35,6.94,1.0,98.04,2.5,0.0,0.75
1457799,1457799,2,1.0,17.48,2.0,230,132,2,70.0,0.0,0.5,0.0,6.94,1.0,81.69,2.5,0.0,0.75
1457832,1457832,2,2.0,17.81,2.0,230,132,1,70.0,0.0,0.5,20.42,6.94,1.0,102.11,2.5,0.0,0.75
1457879,1457879,2,2.0,16.59,2.0,230,132,1,70.0,0.0,0.5,5.0,6.94,1.0,86.69,2.5,0.0,0.75
1457928,1457928,2,2.0,17.02,2.0,230,132,1,70.0,0.0,0.5,5.0,6.94,1.0,86.69,2.5,0.0,0.75
1458001,1458001,1,1.0,16.6,2.0,230,132,1,70.0,3.25,0.5,16.35,6.94,1.0,98.04,2.5,0.0,0.75
1458219,1458219,2,1.0,17.36,2.0,230,132,1,70.0,0.0,0.5,10.0,6.94,1.0,91.69,2.5,0.0,0.75
1458458,1458458,2,3.0,17.41,2.0,230,132,1,70.0,0.0,0.5,10.0,6.94,1.0,91.69,2.5,0.0,0.75
1458516,1458516,2,1.0,16.85,2.0,230,132,1,70.0,0.0,0.5,16.84,6.94,1.0,101.03,2.5,0.0,0.75
1458631,1458631,2,1.0,0.04,5.0,230,132,2,55.0,0.0,0.0,0.0,0.0,1.0,59.25,2.5,0.0,0.75
1458795,1458795,1,1.0,19.5,2.0,230,132,1,70.0,3.25,0.5,20.4,6.94,1.0,102.09,2.5,0.0,0.75
1459097,1459097,2,1.0,17.59,2.0,230,132,2,70.0,0.0,0.5,0.0,6.94,1.0,81.69,2.5,0.0,0.75
1459430,1459430,1,1.0,16.8,2.0,230,132,1,70.0,3.25,0.5,15.25,0.0,1.0,90.0,2.5,0.0,0.75
1459509,1459509,2,1.0,17.57,2.0,230,132,1,70.0,0.0,0.5,16.69,8.69,1.0,100.13,2.5,0.0,0.75
1459799,1459799,2,2.0,16.5,2.0,230,132,1,70.0,0.0,0.5,2.0,15.0,1.0,91.75,2.5,0.0,0.75
1459997,1459997,2,1.0,18.23,2.0,230,132,2,70.0,0.0,0.5,0.0,6.94,1.0,81.69,2.5,0.0,0.75
1460682,1460682,2,1.0,17.23,2.0,230,132,1,70.0,0.0,0.5,16.34,6.94,1.0,98.03,2.5,0.0,0.75
1461610,1461610,2,2.0,18.18,2.0,230,132,1,70.0,0.0,0.5,17.34,11.94,1.0,104.03,2.5,0.0,0.75
1463088,1463088,2,4.0,18.25,2.0,230,132,1,70.0,0.0,0.5,20.42,6.94,1.0,102.11,2.5,0.0,0.75
1463431,1463431,2,4.0,18.48,2.0,230,132,1,70.0,0.0,0.5,16.34,6.94,1.0,98.03,2.5,0.0,0.75
1464725,1464725,1,1.0,16.6,2.0,230,132,1,70.0,3.25,0.5,10.0,6.94,1.0,91.69,2.5,0.0,0.75
1466883,1466883,1,1.0,17.1,2.0,230,132,1,70.0,3.25,0.5,16.3,6.94,1.0,97.99,2.5,0.0,0.75
1469713,1469713,2,2.0,17.12,2.0,230,132,2,70.0,0.0,0.5,0.0,6.94,1.0,81.69,2.5,0.0,0.75
1470658,1470658,1,2.0,16.7,5.0,230,132,1,86.0,0.75,0.0,17.55,0.0,1.0,105.3,0.0,0.0,0.75
1471324,1471324,2,2.0,16.98,2.0,230,132,1,70.0,0.0,0.5,16.34,6.94,1.0,98.03,2.5,0.0,0.75
1471463,1471463,1,1.0,16.9,2.0,230,132,1,70.0,3.25,0.5,0.0,6.94,1.0,81.69,2.5,0.0,0.75
1471525,1471525,2,1.0,17.13,2.0,230,132,1,70.0,0.0,0.5,10.0,0.0,1.0,84.75,2.5,0.0,0.75
1472028,1472028,2,2.0,16.54,2.0,230,132,1,70.0,0.0,0.5,16.34,6.94,1.0,98.03,2.5,0.0,0.75
1473341,1473341,2,2.0,18.24,2.0,230,132,1,70.0,0.0,0.5,16.34,6.94,1.0,98.03,2.5,0.0,0.75
1474436,1474436,2,2.0,18.46,2.0,230,132,1,70.0,0.0,0.5,16.34,6.94,1.0,98.03,2.5,0.0,0.75
1474930,1474930,2,1.0,17.1,2.0,230,132,1,70.0,0.0,0.5,16.34,6.94,1.0,98.03,2.5,0.0,0.75
1477567,1477567,2,3.0,18.68,2.0,230,132,1,70.0,0.0,0.5,20.42,6.94,1.0,102.11,2.5,0.0,0.75
1477712,1477712,2,2.0,15.32,5.0,230,132,1,89.0,0.0,0.0,25.05,6.94,1.0,125.24,2.5,0.0,0.75
1477945,1477945,2,2.0,17.91,2.0,230,132,4,-70.0,0.0,-0.5,0.0,-11.0,-1.0,-85.75,-2.5,0.0,-0.75
1477946,1477946,2,2.0,17.91,2.0,230,132,4,70.0,0.0,0.5,0.0,11.0,1.0,85.75,2.5,0.0,0.75
1478174,1478174,2,2.0,17.85,2.0,230,132,1,70.0,0.0,0.5,14.95,0.0,1.0,89.7,2.5,0.0,0.75
1479635,1479635,1,3.0,17.0,2.0,230,132,2,70.0,8.25,0.5,0.0,6.94,1.0,86.69,2.5,0.0,0.75
1479942,1479942,2,3.0,17.33,2.0,230,132,2,70.0,0.0,0.5,0.0,6.94,1.0,81.69,2.5,0.0,0.75
1480922,1480922,2,2.0,18.13,2.0,230,132,1,70.0,0.0,0.5,17.73,13.88,1.0,106.36,2.5,0.0,0.75
1481798,1481798,2,2.0,16.71,2.0,230,132,1,70.0,0.0,0.5,0.0,6.94,1.0,81.69,2.5,0.0,0.75
1482386,1482386,2,1.0,16.75,2.0,230,132,1,70.0,0.0,0.5,0.0,6.94,1.0,81.69,2.5,0.0,0.75
1482630,1482630,2,1.0,16.81,2.0,230,132,1,70.0,0.0,0.5,16.34,6.94,1.0,98.03,2.5,0.0,0.75
1482704,1482704,1,1.0,16.7,2.0,230,132,1,70.0,3.25,0.5,20.4,6.94,1.0,102.09,2.5,0.0,0.75
1484145,1484145,2,2.0,16.33,2.0,230,132,2,70.0,0.0,0.5,0.0,6.94,1.0,81.69,2.5,0.0,0.75
1484737,1484737,2,1.0,16.56,2.0,230,132,1,70.0,0.0,0.5,8.0,6.94,1.0,89.69,2.5,0.0,0.75
1485446,1485446,2,3.0,17.1,2.0,230,132,1,70.0,0.0,0.5,20.0,6.94,1.0,101.69,2.5,0.0,0.75
1485891,1485891,2,2.0,16.84,2.0,230,132,1,70.0,0.0,0.5,14.95,0.0,1.0,89.7,2.5,0.0,0.75
1486479,1486479,2,4.0,18.2,2.0,230,132,1,70.0,0.0,0.5,16.34,6.94,1.0,98.03,2.5,0.0,0.75
1486546,1486546,2,1.0,17.89,2.0,230,132,1,70.0,0.0,0.5,20.86,8.69,1.0,104.3,2.5,0.0,0.75
1486830,1486830,1,1.0,16.5,2.0,230,132,2,70.0,3.25,0.5,0.0,0.0,1.0,74.75,2.5,0.0,0.75
1487552,1487552,2,2.0,17.05,2.0,230,132,2,70.0,0.0,0.5,0.0,6.94,1.0,81.69,2.5,0.0,0.75
1488684,1488684,2,2.0,17.3,2.0,230,132,1,70.0,0.0,0.5,0.0,6.94,1.0,81.69,2.5,0.0,0.75
1489774,1489774,2,2.0,17.06,2.0,230,132,1,70.0,0.0,0.5,16.34,6.94,1.0,98.03,2.5,0.0,0.75
1489935,1489935,2,2.0,16.11,2.0,230,132,1,70.0,0.0,0.5,16.34,6.94,1.0,98.03,2.5,0.0,0.75
1490117,1490117,1,1.0,16.7,2.0,230,132,2,70.0,3.25,0.5,0.0,6.94,1.0,81.69,2.5,0.0,0.75
1490249,1490249,2,1.0,17.69,2.0,230,132,1,70.0,0.0,0.5,16.34,6.94,1.0,98.03,2.5,0.0,0.75
1491546,1491546,2,1.0,17.22,2.0,230,132,2,70.0,0.0,0.5,0.0,6.94,1.0,81.69,2.5,0.0,0.75
1492559,1492559,2,2.0,17.24,2.0,230,132,1,70.0,0.0,0.5,16.34,6.94,1.0,98.03,2.5,0.0,0.75
1493639,1493639,2,1.0,16.88,5.0,230,132,4,-87.0,0.0,0.0,0.0,0.0,-1.0,-91.25,-2.5,0.0,-0.75
1493640,1493640,2,1.0,16.88,5.0,230,132,4,87.0,0.0,0.0,0.0,0.0,1.0,91.25,2.5,0.0,0.75
1494420,1494420,2,3.0,16.16,5.0,230,132,1,100.0,0.0,0.0,27.8,6.94,1.0,138.99,2.5,0.0,0.75
1494936,1494936,2,3.0,16.27,2.0,230,132,1,70.0,0.0,0.5,16.34,6.94,1.0,98.03,2.5,0.0,0.75
1495311,1495311,2,1.0,17.6,2.0,230,132,1,70.0,0.0,0.5,16.34,6.94,1.0,98.03,2.5,0.0,0.75
1495551,1495551,1,1.0,17.6,2.0,230,132,1,70.0,3.25,0.5,20.4,6.94,1.0,102.09,2.5,0.0,0.75
1497624,1497624,1,1.0,17.5,5.0,230,132,1,87.0,0.75,0.0,19.15,6.94,1.0,114.84,0.0,0.0,0.75
1497963,1497963,2,1.0,17.28,2.0,230,132,1,70.0,0.0,0.5,0.0,6.94,1.0,81.69,2.5,0.0,0.75
1498196,1498196,2,2.0,16.27,2.0,230,132,1,70.0,0.0,0.5,16.34,6.94,1.0,98.03,2.5,0.0,0.75
1498260,1498260,2,2.0,17.55,2.0,230,132,1,70.0,0.0,0.5,16.84,6.94,1.0,101.03,2.5,0.0,0.75
1498331,1498331,1,3.0,17.6,5.0,230,132,1,85.69,0.75,0.0,0.0,0.0,1.0,87.44,0.0,0.0,0.75
1498710,1498710,2,2.0,15.26,2.0,230,132,1,70.0,0.0,0.5,18.69,0.0,1.0,93.44,2.5,0.0,0.75
1498784,1498784,2,2.0,15.23,2.0,230,132,1,70.0,0.0,0.5,10.0,6.94,1.0,91.69,2.5,0.0,0.75
1499215,1499215,2,2.0,16.82,2.0,230,132,1,70.0,0.0,0.5,16.34,6.94,1.0,98.03,2.5,0.0,0.75
1499254,1499254,2,1.0,17.79,2.0,230,132,1,70.0,0.0,0.5,16.34,6.94,1.0,98.03,2.5,0.0,0.75
1499325,1499325,2,1.0,17.35,1.0,230,132,1,75.1,0.0,0.5,17.36,6.94,1.0,104.15,2.5,0.0,0.75
1499624,1499624,2,2.0,17.17,2.0,230,132,1,70.0,0.0,0.5,16.34,6.94,1.0,98.03,2.5,0.0,0.75
1499882,1499882,2,1.0,18.29,2.0,230,132,2,-70.0,0.0,-0.5,0.0,-6.94,-1.0,-81.69,-2.5,0.0,-0.75
1499883,1499883,2,1.0,18.29,2.0,230,132,2,70.0,0.0,0.5,0.0,6.94,1.0,81.69,2.5,0.0,0.75
1501811,1501811,2,2.0,17.45,2.0,230,132,1,70.0,0.0,0.5,16.34,6.94,1.0,98.03,2.5,0.0,0.75
1502554,1502554,2,2.0,16.66,2.0,230,132,1,70.0,0.0,0.5,0.0,6.94,1.0,81.69,2.5,0.0,0.75
1502632,1502632,1,0.0,17.2,2.0,230,132,1,70.0,3.25,0.5,16.3,6.94,1.0,97.99,2.5,0.0,0.75
1502833,1502833,2,2.0,16.28,2.0,230,132,1,70.0,0.0,0.5,14.95,0.0,1.0,89.7,2.5,0.0,0.75
1502954,1502954,2,1.0,17.68,2.0,230,132,1,70.0,0.0,0.5,16.34,6.94,1.0,98.03,2.5,0.0,0.75
1502986,1502986,2,2.0,15.42,2.0,230,132,1,70.0,0.0,0.5,5.0,6.94,1.0,86.69,2.5,0.0,0.75
1506211,1506211,2,1.0,21.83,1.0,230,132,2,105.2,0.0,0.5,0.0,6.94,1.0,118.64,2.5,1.75,0.75
1506267,1506267,2,1.0,16.11,5.0,230,132,2,90.0,0.0,0.0,0.0,16.69,1.0,110.94,2.5,0.0,0.75
1507453,1507453,2,4.0,16.22,5.0,230,132,2,80.0,0.0,0.0,0.0,6.94,1.0,91.19,2.5,0.0,0.75
1508331,1508331,2,1.0,17.16,2.0,230,132,1,70.0,5.0,0.5,15.95,0.0,1.0,95.7,2.5,0.0,0.75
1508377,1508377,1,1.0,17.0,2.0,230,132,1,70.0,8.25,0.5,10.0,6.94,1.0,96.69,2.5,0.0,0.75
1508989,1508989,2,1.0,15.86,2.0,230,132,1,70.0,5.0,0.5,16.45,0.0,1.0,98.7,2.5,0.0,0.75
1509014,1509014,2,2.0,18.42,2.0,230,132,1,70.0,5.0,0.5,10.0,6.94,1.0,96.69,2.5,0.0,0.75
1510825,1510825,1,1.0,16.9,2.0,230,132,1,70.0,8.25,0.5,17.35,6.94,1.0,104.04,2.5,0.0,0.75
1512407,1512407,2,2.0,19.81,2.0,230,132,1,70.0,5.0,0.5,5.0,6.94,1.0,91.69,2.5,0.0,0.75
1513386,1513386,2,1.0,17.59,2.0,230,132,1,70.0,5.0,0.5,10.0,6.94,1.0,96.69,2.5,0.0,0.75
1513645,1513645,2,1.0,17.05,2.0,230,132,2,70.0,5.0,0.5,0.0,6.94,1.0,86.69,2.5,0.0,0.75
1513780,1513780,2,2.0,15.76,2.0,230,132,2,70.0,5.0,0.5,0.0,6.94,1.0,86.69,2.5,0.0,0.75
1513989,1513989,1,1.0,16.4,2.0,230,132,4,70.0,8.25,0.5,0.0,6.94,1.0,86.69,2.5,0.0,0.75
1514606,1514606,2,2.0,17.01,2.0,230,132,1,70.0,5.0,0.5,17.34,6.94,1.0,104.03,2.5,0.0,0.75
1516091,1516091,2,3.0,16.13,5.0,230,132,1,95.0,0.0,0.0,8.0,0.0,1.0,107.25,2.5,0.0,0.75
1516178,1516178,2,2.0,17.47,2.0,230,132,1,70.0,5.0,0.5,0.0,0.0,1.0,79.75,2.5,0.0,0.75
1518850,1518850,1,1.0,16.8,2.0,230,132,1,70.0,8.25,0.5,3.31,6.94,1.0,90.0,2.5,0.0,0.75
1519054,1519054,1,2.0,18.1,5.0,230,132,2,86.69,0.75,0.0,0.0,0.0,1.0,88.44,0.0,0.0,0.75
1519911,1519911,1,1.0,16.5,2.0,230,132,1,70.0,8.25,0.5,17.35,6.94,1.0,104.04,2.5,0.0,0.75
1532528,1532528,2,2.0,17.47,2.0,230,132,2,70.0,5.0,0.5,0.0,6.94,1.0,89.19,2.5,0.0,0.75
1538453,1538453,2,2.0,17.93,2.0,230,132,1,70.0,0.0,0.5,16.34,6.94,1.0,98.03,2.5,0.0,0.75
1553978,1553978,2,1.0,18.01,2.0,230,132,1,70.0,0.0,0.5,24.51,6.94,1.0,106.2,2.5,0.0,0.75
1557933,1557933,1,1.0,16.8,2.0,230,132,1,70.0,3.25,0.5,14.95,0.0,1.0,89.7,2.5,0.0,0.75
1558030,1558030,1,1.0,17.6,2.0,230,132,1,70.0,3.25,0.5,16.35,6.94,1.0,98.04,2.5,0.0,0.75
1558268,1558268,2,1.0,17.69,2.0,230,132,1,70.0,0.0,0.5,14.95,0.0,1.0,89.7,2.5,0.0,0.75
1558300,1558300,7,1.0,17.01,2.0,230,132,1,70.0,0.0,0.5,16.34,6.94,1.0,98.03,2.5,0.0,0.75
1560240,1560240,2,2.0,17.43,2.0,230,132,2,70.0,0.0,0.5,0.0,0.0,1.0,74.75,2.5,0.0,0.75
1560321,1560321,2,2.0,17.05,2.0,230,132,1,70.0,0.0,0.5,16.84,6.94,1.0,101.03,2.5,0.0,0.75
1560662,1560662,2,2.0,16.73,2.0,230,132,1,70.0,0.0,0.5,14.95,0.0,1.0,89.7,2.5,0.0,0.75
1560743,1560743,1,0.0,16.9,2.0,230,132,1,70.0,3.25,0.5,16.3,6.94,1.0,97.99,2.5,0.0,0.75
1562507,1562507,1,1.0,16.5,2.0,230,132,2,70.0,3.25,0.5,0.0,0.0,1.0,74.75,2.5,0.0,0.75
1563844,1563844,2,1.0,16.02,5.0,230,132,1,85.0,0.0,0.0,10.0,13.88,1.0,113.13,2.5,0.0,0.75
1566821,1566821,1,1.0,17.4,2.0,230,132,1,70.0,3.25,0.5,19.55,23.0,1.0,117.3,2.5,0.0,0.75
1568024,1568024,2,3.0,17.49,2.0,230,132,2,70.0,0.0,0.5,0.0,6.94,1.0,81.69,2.5,0.0,0.75
1568179,1568179,2,2.0,16.58,2.0,230,132,1,70.0,0.0,0.5,20.42,6.94,1.0,102.11,2.5,0.0,0.75
1569437,1569437,2,2.0,17.72,2.0,230,132,1,70.0,0.0,0.5,20.24,6.94,1.0,101.93,2.5,0.0,0.75
1571075,1571075,2,2.0,17.73,2.0,230,132,1,70.0,0.0,0.5,16.34,6.94,1.0,98.03,2.5,0.0,0.75
1573120,1573120,2,1.0,18.29,2.0,230,132,1,70.0,0.0,0.5,16.34,6.94,1.0,98.03,2.5,0.0,0.75
1574519,1574519,2,4.0,15.54,5.0,230,132,2,120.0,0.0,0.0,0.0,6.94,1.0,131.19,2.5,0.0,0.75
1577174,1577174,1,2.0,17.6,2.0,230,132,1,70.0,3.25,0.5,17.0,6.94,1.0,98.69,2.5,0.0,0.75
1577825,1577825,2,2.0,17.82,2.0,230,132,1,70.0,0.0,0.5,16.34,6.94,1.0,98.03,2.5,0.0,0.75
1578076,1578076,2,2.0,17.47,2.0,230,132,2,70.0,0.0,0.5,0.0,6.94,1.0,81.69,2.5,0.0,0.75
1579235,1579235,2,1.0,18.56,2.0,230,132,1,70.0,0.0,0.5,16.34,6.94,1.0,98.03,2.5,0.0,0.75
1579916,1579916,2,1.0,16.92,2.0,230,132,1,70.0,0.0,0.5,20.42,6.94,1.0,102.11,2.5,0.0,0.75
1580436,1580436,2,2.0,17.72,2.0,230,132,2,70.0,0.0,0.5,0.0,6.94,1.0,81.69,2.5,0.0,0.75
1581218,1581218,2,2.0,17.0,2.0,230,132,1,70.0,0.0,0.5,16.34,6.94,1.0,98.03,2.5,0.0,0.75
1582765,1582765,2,1.0,16.53,2.0,230,132,2,70.0,0.0,0.5,0.0,6.94,1.0,81.69,2.5,0.0,0.75
1585673,1585673,2,2.0,16.55,2.0,230,132,1,70.0,0.0,0.5,20.42,6.94,1.0,102.11,2.5,0.0,0.75
1586226,1586226,2,4.0,16.93,2.0,230,132,2,70.0,0.0,0.5,0.0,6.94,1.0,81.69,2.5,0.0,0.75
1587903,1587903,2,4.0,17.74,2.0,230,132,2,70.0,0.0,0.5,0.0,6.94,1.0,81.69,2.5,0.0,0.75
1589541,1589541,2,2.0,16.38,2.0,230,132,1,70.0,0.0,0.5,0.0,6.94,1.0,80.94,2.5,0.0,0.0
1590648,1590648,2,2.0,16.85,2.0,230,132,2,70.0,0.0,0.5,0.0,6.94,1.0,81.69,2.5,0.0,0.75
1591092,1591092,1,1.0,17.4,2.0,230,132,2,70.0,3.25,0.5,0.0,6.94,1.0,81.69,2.5,0.0,0.75
1592160,1592160,2,1.0,20.22,2.0,230,132,1,70.0,0.0,0.5,10.0,6.94,1.0,91.69,2.5,0.0,0.75
1594114,1594114,2,2.0,16.37,2.0,230,132,1,70.0,0.0,0.5,10.0,6.94,1.0,91.69,2.5,0.0,0.75
1594187,1594187,2,2.0,17.31,2.0,230,132,1,70.0,0.0,0.5,9.0,6.94,1.0,90.69,2.5,0.0,0.75
1596537,1596537,2,2.0,16.54,2.0,230,132,2,70.0,0.0,0.5,0.0,6.94,1.0,81.69,2.5,0.0,0.75
1599058,1599058,1,1.0,20.5,2.0,230,132,1,70.0,3.25,0.5,30.0,0.0,1.0,104.75,2.5,0.0,0.75
1599715,1599715,1,2.0,17.4,2.0,230,132,1,70.0,3.25,0.5,3.5,6.94,1.0,85.19,2.5,0.0,0.75
1600495,1600495,2,2.0,16.69,2.0,230,132,1,70.0,0.0,0.5,5.0,6.94,1.0,86.69,2.5,0.0,0.75
1602685,1602685,1,1.0,17.1,2.0,230,132,1,70.0,3.25,0.5,0.0,0.0,1.0,74.75,2.5,0.0,0.75
1604268,1604268,2,2.0,10.25,1.0,230,132,2,54.8,5.0,0.5,0.0,6.94,1.0,71.49,2.5,0.0,0.75
1604364,1604364,2,1.0,16.45,2.0,230,132,1,70.0,0.0,0.5,10.0,6.94,1.0,91.69,2.5,0.0,0.75
1606239,1606239,2,1.0,16.68,2.0,230,132,1,70.0,0.0,0.5,16.34,6.94,1.0,98.03,2.5,0.0,0.75
1607513,1607513,2,2.0,16.29,2.0,230,132,1,70.0,0.0,0.5,16.34,6.94,1.0,98.03,2.5,0.0,0.75
1609622,1609622,2,2.0,13.58,2.0,230,132,1,70.0,0.0,0.5,18.69,0.0,1.0,93.44,2.5,0.0,0.75
1610752,1610752,2,2.0,15.26,2.0,230,132,1,70.0,0.0,0.5,14.95,0.0,1.0,89.7,2.5,0.0,0.75
1611512,1611512,2,1.0,18.66,2.0,230,132,1,70.0,0.0,0.5,16.34,6.94,1.0,98.03,2.5,0.0,0.75
1611587,1611587,2,2.0,14.66,5.0,230,132,2,85.0,0.0,0.0,0.0,0.0,1.0,89.25,2.5,0.0,0.75
1612233,1612233,2,3.0,15.97,5.0,230,132,1,89.0,0.0,0.0,31.75,0.0,1.0,125.0,2.5,0.0,0.75
1612751,1612751,2,2.0,17.99,2.0,230,132,1,70.0,5.0,0.5,17.34,6.94,1.0,104.03,2.5,0.0,0.75
1612886,1612886,1,1.0,17.0,2.0,230,132,1,70.0,8.25,0.5,21.65,6.94,1.0,108.34,2.5,0.0,0.75
1615991,1615991,1,1.0,17.6,2.0,230,132,2,70.0,8.25,0.5,0.0,6.94,1.0,86.69,2.5,0.0,0.75
1616698,1616698,2,3.0,15.56,2.0,230,132,2,70.0,5.0,0.5,0.0,0.0,1.0,79.75,2.5,0.0,0.75
1617058,1617058,2,2.0,14.51,2.0,230,132,4,-70.0,-5.0,-0.5,0.0,-6.94,-1.0,-86.69,-2.5,0.0,-0.75
1617059,1617059,2,2.0,14.51,2.0,230,132,4,70.0,5.0,0.5,0.0,6.94,1.0,86.69,2.5,0.0,0.75
1618449,1618449,2,1.0,16.67,2.0,230,132,1,70.0,5.0,0.5,0.0,6.94,1.0,86.69,2.5,0.0,0.75
1618716,1618716,2,2.0,17.22,5.0,230,132,2,80.0,0.0,0.0,0.0,6.94,1.0,91.19,2.5,0.0,0.75
1619581,1619581,2,2.0,16.58,2.0,230,132,1,70.0,5.0,0.5,1.0,6.94,1.0,87.69,2.5,0.0,0.75
1621271,1621271,1,1.0,15.2,5.0,230,132,1,89.0,0.75,0.0,18.15,0.0,1.0,108.9,0.0,0.0,0.75
1622585,1622585,2,2.0,16.35,2.0,230,132,1,70.0,5.0,0.5,17.34,6.94,1.0,104.03,2.5,0.0,0.75
1623213,1623213,2,2.0,16.8,2.0,230,132,2,70.0,5.0,0.5,0.0,6.94,1.0,86.69,2.5,0.0,0.75
1625418,1625418,2,2.0,16.46,2.0,230,132,1,70.0,5.0,0.5,17.34,6.94,1.0,104.03,2.5,0.0,0.75
1626362,1626362,2,2.0,16.87,2.0,230,132,1,70.0,5.0,0.5,17.34,6.94,1.0,104.03,2.5,0.0,0.75
1628120,1628120,2,4.0,17.08,5.0,230,132,1,95.0,0.0,0.0,19.85,0.0,1.0,119.1,2.5,0.0,0.75
1629258,1629258,2,2.0,17.75,2.0,230,132,1,70.0,5.0,0.5,17.34,6.94,1.0,104.03,2.5,0.0,0.75
1629593,1629593,2,1.0,16.4,2.0,230,132,1,70.0,5.0,0.5,5.0,6.94,1.0,91.69,2.5,0.0,0.75
1635205,1635205,1,1.0,18.2,2.0,230,132,3,70.0,8.25,0.5,0.0,6.94,1.0,86.69,2.5,0.0,0.75
1636496,1636496,2,4.0,15.47,5.0,230,132,1,87.0,0.0,0.0,0.0,6.94,1.0,98.19,2.5,0.0,0.75
1636859,1636859,2,1.0,18.24,2.0,230,132,1,70.0,5.0,0.5,21.67,6.94,1.0,108.36,2.5,0.0,0.75
1639020,1639020,2,1.0,16.55,2.0,230,132,1,70.0,5.0,0.5,17.34,6.94,1.0,104.03,2.5,0.0,0.75
1647609,1647609,1,1.0,17.7,2.0,230,132,1,70.0,3.25,0.5,10.0,6.94,1.0,91.69,2.5,0.0,0.75
1651754,1651754,1,1.0,17.6,2.0,230,132,2,70.0,3.25,0.5,0.0,6.94,1.0,81.69,2.5,0.0,0.75
1671963,1671963,2,4.0,18.46,2.0,230,132,4,-70.0,0.0,-0.5,0.0,-6.94,-1.0,-81.69,-2.5,0.0,-0.75
1671964,1671964,2,4.0,18.46,2.0,230,132,4,70.0,0.0,0.5,0.0,6.94,1.0,81.69,2.5,0.0,0.75
1672194,1672194,1,1.0,18.2,2.0,230,132,1,70.0,3.25,0.5,16.35,6.94,1.0,98.04,2.5,0.0,0.75
1672201,1672201,2,2.0,16.94,2.0,230,132,1,70.0,0.0,0.5,12.0,6.94,1.0,93.69,2.5,0.0,0.75
1672277,1672277,2,1.0,17.45,2.0,230,132,1,70.0,0.0,0.5,20.42,6.94,1.0,102.11,2.5,0.0,0.75
1672545,1672545,1,1.0,16.5,2.0,230,132,1,70.0,3.25,0.5,14.95,0.0,1.0,89.7,2.5,0.0,0.75
1672863,1672863,2,1.0,18.2,2.0,230,132,1,70.0,0.0,0.5,16.34,6.94,1.0,98.03,2.5,0.0,0.75
1673115,1673115,2,1.0,17.11,2.0,230,132,2,70.0,0.0,0.5,0.0,6.94,1.0,81.69,2.5,0.0,0.75
1673717,1673717,2,3.0,17.56,2.0,230,132,1,70.0,0.0,0.5,16.19,6.94,1.0,97.88,2.5,0.0,0.75
1674295,1674295,2,1.0,16.7,2.0,230,132,1,70.0,0.0,0.5,16.34,6.94,1.0,98.03,2.5,0.0,0.75
1674643,1674643,1,1.0,17.1,5.0,230,132,1,85.0,0.75,0.0,23.4,6.94,1.0,117.09,0.0,0.0,0.75
1674649,1674649,2,2.0,17.34,2.0,230,132,2,70.0,0.0,0.5,0.0,6.94,1.0,81.69,2.5,0.0,0.75
1674970,1674970,2,1.0,22.16,2.0,230,132,2,70.0,0.0,0.5,0.0,6.94,1.0,81.69,2.5,0.0,0.75
1675141,1675141,2,2.0,17.1,2.0,230,132,2,70.0,0.0,0.5,0.0,6.94,1.0,81.69,2.5,0.0,0.75
1676054,1676054,2,1.0,17.99,2.0,230,132,1,70.0,0.0,0.5,16.34,6.94,1.0,98.03,2.5,0.0,0.75
1678357,1678357,1,1.0,17.2,2.0,230,132,2,70.0,3.25,0.5,0.0,6.94,1.0,81.69,2.5,0.0,0.75
1679352,1679352,2,4.0,17.94,2.0,230,132,2,70.0,0.0,0.5,0.0,6.94,1.0,81.69,2.5,0.0,0.75
1681698,1681698,2,2.0,18.24,2.0,230,132,2,70.0,0.0,0.5,0.0,6.94,1.0,84.19,2.5,0.0,0.75
1683274,1683274,2,2.0,16.93,2.0,230,132,2,70.0,0.0,0.5,0.0,6.94,1.0,81.69,2.5,0.0,0.75
1684565,1684565,2,1.0,16.41,2.0,230,132,1,70.0,0.0,0.5,18.69,0.0,1.0,93.44,2.5,0.0,0.75
1688756,1688756,2,1.0,24.21,2.0,230,132,1,70.0,0.0,0.5,10.0,6.94,1.0,91.69,2.5,0.0,0.75
1690121,1690121,1,3.0,23.0,2.0,230,132,2,70.0,3.25,0.5,0.0,6.94,1.0,81.69,2.5,0.0,0.75
1691851,1691851,1,1.0,17.8,2.0,230,132,1,70.0,3.25,0.5,16.35,6.94,1.0,98.04,2.5,0.0,0.75
1693194,1693194,2,2.0,17.16,2.0,230,132,1,70.0,0.0,0.5,16.34,6.94,1.0,98.03,2.5,0.0,0.75
1693726,1693726,2,1.0,16.46,2.0,230,132,1,70.0,0.0,0.5,16.34,6.94,1.0,98.03,2.5,0.0,0.75
1694127,1694127,2,4.0,17.24,2.0,230,132,1,70.0,0.0,0.5,16.34,6.94,1.0,98.03,2.5,0.0,0.75
1694853,1694853,1,1.0,16.8,2.0,230,132,1,70.0,3.25,0.5,10.0,6.94,1.0,91.69,2.5,0.0,0.75
1696408,1696408,2,1.0,17.33,2.0,230,132,1,70.0,0.0,0.5,16.34,6.94,1.0,98.03,2.5,0.0,0.75
1696483,1696483,2,3.0,17.49,2.0,230,132,1,70.0,0.0,0.5,16.34,6.94,1.0,98.03,2.5,0.0,0.75
1697387,1697387,1,1.0,14.3,2.0,230,132,1,70.0,3.25,0.5,16.35,6.94,1.0,98.04,2.5,0.0,0.75
1697557,1697557,2,2.0,16.84,2.0,230,132,1,70.0,0.0,0.5,16.34,6.94,1.0,98.03,2.5,0.0,0.75
1699437,1699437,2,2.0,18.71,2.0,230,132,1,70.0,0.0,0.5,5.0,6.94,1.0,86.69,2.5,0.0,0.75
1699524,1699524,2,1.0,17.28,2.0,230,132,1,70.0,0.0,0.5,10.0,6.94,1.0,91.69,2.5,0.0,0.75
1699975,1699975,2,1.0,16.04,2.0,230,132,1,70.0,0.0,0.5,20.42,6.94,1.0,102.11,2.5,0.0,0.75
1701456,1701456,2,3.0,17.26,2.0,230,132,1,70.0,0.0,0.5,16.34,6.94,1.0,98.03,2.5,0.0,0.75
1704303,1704303,1,1.0,16.9,2.0,230,132,1,70.0,3.25,0.5,0.0,6.94,1.0,81.69,2.5,0.0,0.75
1704756,1704756,1,2.0,15.0,5.0,230,132,1,86.0,0.75,0.0,21.9,0.0,1.0,109.65,0.0,0.0,0.75
1707531,1707531,2,2.0,17.29,2.0,230,132,1,70.0,0.0,0.5,16.34,6.94,1.0,98.03,2.5,0.0,0.75
1708099,1708099,2,2.0,17.13,2.0,230,132,1,70.0,0.0,0.5,16.34,6.94,1.0,98.03,2.5,0.0,0.75
1712885,1712885,2,1.0,17.25,2.0,230,132,1,70.0,0.0,0.5,16.34,6.94,1.0,98.03,2.5,0.0,0.75
1713422,1713422,2,2.0,17.76,2.0,230,132,1,70.0,0.0,0.5,10.0,0.0,1.0,84.75,2.5,0.0,0.75
1713443,1713443,2,1.0,18.1,2.0,230,132,1,70.0,0.0,0.5,12.0,6.94,1.0,93.69,2.5,0.0,0.75
1715292,1715292,2,2.0,15.13,2.0,230,132,1,70.0,0.0,0.5,22.43,0.0,1.0,97.18,2.5,0.0,0.75
1716287,1716287,2,2.0,17.25,2.0,230,132,1,70.0,0.0,0.5,16.34,6.94,1.0,98.03,2.5,0.0,0.75
1719302,1719302,1,1.0,16.5,2.0,230,132,1,70.0,3.25,0.5,16.35,6.94,1.0,98.04,2.5,0.0,0.75
1720472,1720472,2,1.0,16.08,5.0,230,132,1,90.0,0.0,0.0,22.39,17.69,1.0,134.33,2.5,0.0,0.75
1720510,1720510,2,1.0,16.52,2.0,230,132,1,70.0,0.0,0.5,20.42,6.94,1.0,102.11,2.5,0.0,0.75
1720609,1720609,2,2.0,17.53,2.0,230,132,1,70.0,0.0,0.5,16.34,6.94,1.0,98.03,2.5,0.0,0.75
1721032,1721032,2,2.0,17.88,2.0,230,132,1,70.0,0.0,0.5,16.34,6.94,1.0,98.03,2.5,0.0,0.75
1722239,1722239,2,1.0,15.25,2.0,230,132,1,70.0,0.0,0.5,14.95,0.0,1.0,89.7,2.5,0.0,0.75
1723440,1723440,2,2.0,18.46,2.0,230,132,1,70.0,0.0,0.5,0.0,6.94,1.0,80.94,2.5,0.0,0.0
1724466,1724466,1,1.0,15.8,2.0,230,132,1,70.0,3.25,0.5,16.35,6.94,1.0,98.04,2.5,0.0,0.75
1726505,1726505,1,1.0,18.1,5.0,230,132,2,86.69,0.75,0.0,0.0,0.0,1.0,88.44,0.0,0.0,0.75
1726935,1726935,2,4.0,20.66,2.0,230,132,2,70.0,0.0,0.5,0.0,6.94,1.0,81.69,2.5,0.0,0.75
1727366,1727366,2,1.0,17.36,2.0,230,132,1,70.0,0.0,0.5,5.0,6.94,1.0,86.69,2.5,0.0,0.75
1727701,1727701,2,4.0,16.97,2.0,230,132,2,70.0,0.0,0.5,0.0,6.94,1.0,81.69,2.5,0.0,0.75
1727814,1727814,1,1.0,14.6,2.0,230,132,1,70.0,3.25,0.5,14.95,0.0,1.0,89.7,2.5,0.0,0.75
1729070,1729070,2,1.0,16.63,2.0,230,132,1,70.0,0.0,0.5,10.0,6.94,1.0,91.69,2.5,0.0,0.75
1730423,1730423,2,3.0,17.59,2.0,230,132,1,70.0,5.0,0.5,10.0,0.0,1.0,89.75,2.5,0.0,0.75
1731184,1731184,1,1.0,17.4,2.0,230,132,1,70.0,8.25,0.5,15.95,0.0,1.0,95.7,2.5,0.0,0.75
1736588,1736588,2,2.0,15.5,5.0,230,132,2,85.0,0.0,0.0,0.0,0.0,1.0,89.25,2.5,0.0,0.75
1737499,1737499,1,1.0,15.8,2.0,230,132,1,70.0,8.25,0.5,21.65,6.94,1.0,108.34,2.5,0.0,0.75
1738533,1738533,1,1.0,16.3,5.0,230,132,1,85.0,0.75,0.0,17.35,0.0,1.0,104.1,0.0,0.0,0.75
1738887,1738887,2,1.0,17.2,2.0,230,132,1,70.0,5.0,0.5,17.34,6.94,1.0,104.03,2.5,0.0,0.75
1739272,1739272,2,1.0,14.77,1.0,230,132,1,77.9,2.5,0.5,12.77,0.0,1.0,97.92,2.5,0.0,0.75
1740733,1740733,2,2.0,17.28,2.0,230,132,2,70.0,5.0,0.5,0.0,6.94,1.0,86.69,2.5,0.0,0.75
1741203,1741203,1,1.0,16.2,2.0,230,132,1,70.0,8.25,0.5,6.0,0.0,1.0,85.75,2.5,0.0,0.75
1741382,1741382,1,1.0,15.8,2.0,230,132,1,70.0,8.25,0.5,17.35,6.94,1.0,104.04,2.5,0.0,0.75
1742153,1742153,1,1.0,16.7,2.0,230,132,1,70.0,8.25,0.5,17.3,6.94,1.0,103.99,2.5,0.0,0.75
1743044,1743044,2,1.0,17.14,2.0,230,132,1,70.0,5.0,0.5,15.95,0.0,1.0,95.7,2.5,0.0,0.75
1745633,1745633,2,2.0,15.64,5.0,230,132,1,85.0,0.0,0.0,8.0,0.0,1.0,97.25,2.5,0.0,0.75
1747439,1747439,1,1.0,16.4,2.0,230,132,1,70.0,8.25,0.5,10.0,0.0,1.0,89.75,2.5,0.0,0.75
1750160,1750160,2,2.0,17.15,2.0,230,132,2,70.0,5.0,0.5,0.0,6.94,1.0,86.69,2.5,0.0,0.75
1751571,1751571,2,1.0,17.48,2.0,230,132,1,70.0,5.0,0.5,10.0,6.94,1.0,96.69,2.5,0.0,0.75
1754584,1754584,2,1.0,15.0,2.0,230,132,1,70.0,5.0,0.5,20.0,14.95,1.0,114.7,2.5,0.0,0.75
1759492,1759492,2,1.0,17.34,2.0,230,132,1,70.0,5.0,0.5,21.67,6.94,1.0,108.36,2.5,0.0,0.75
1768279,1768279,2,1.0,17.37,2.0,230,132,1,70.0,0.0,0.5,5.0,6.94,1.0,86.69,2.5,0.0,0.75
1776037,1776037,2,1.0,17.56,2.0,230,132,1,70.0,0.0,0.5,16.34,6.94,1.0,98.03,2.5,0.0,0.75
1792697,1792697,1,2.0,17.2,2.0,230,132,1,70.0,3.25,0.5,10.0,6.94,1.0,91.69,2.5,0.0,0.75
1792813,1792813,1,1.0,17.4,2.0,230,132,1,70.0,3.25,0.5,17.0,6.94,1.0,98.69,2.5,0.0,0.75
1793066,1793066,2,1.0,17.38,2.0,230,132,1,70.0,0.0,0.5,16.19,6.94,1.0,97.88,2.5,0.0,0.75
1793204,1793204,2,1.0,16.87,2.0,230,132,1,70.0,0.0,0.5,8.31,6.94,1.0,90.0,2.5,0.0,0.75
1793436,1793436,2,2.0,18.04,5.0,230,132,1,90.0,0.0,0.0,20.24,6.94,1.0,121.43,2.5,0.0,0.75
1793700,1793700,1,1.0,17.4,2.0,230,132,1,70.0,3.25,0.5,20.4,6.94,1.0,102.09,2.5,0.0,0.75
1794336,1794336,2,1.0,17.51,2.0,230,132,1,70.0,0.0,0.5,16.34,6.94,1.0,98.03,2.5,0.0,0.75
1794709,1794709,2,1.0,16.67,2.0,230,132,1,70.0,0.0,0.5,16.34,6.94,1.0,98.03,2.5,0.0,0.75
1795438,1795438,1,1.0,16.7,2.0,230,132,1,70.0,3.25,0.5,14.95,0.0,1.0,89.7,2.5,0.0,0.75
1797055,1797055,2,4.0,15.53,5.0,230,132,1,85.0,0.0,0.0,5.0,6.94,1.0,101.19,2.5,0.0,0.75
1798741,1798741,2,4.0,16.58,5.0,230,132,1,95.0,0.0,0.0,19.85,0.0,1.0,119.1,2.5,0.0,0.75
1799038,1799038,2,1.0,17.44,2.0,230,132,1,70.0,0.0,0.5,16.34,6.94,1.0,98.03,2.5,0.0,0.75
1800325,1800325,1,1.0,17.9,2.0,230,132,1,70.0,3.25,0.5,16.3,6.94,1.0,97.99,2.5,0.0,0.75
1800708,1800708,2,1.0,16.67,2.0,230,132,1,70.0,0.0,0.5,13.0,6.94,1.0,94.69,2.5,0.0,0.75
1801202,1801202,2,1.0,18.73,2.0,230,132,2,70.0,0.0,0.5,0.0,6.94,1.0,81.69,2.5,0.0,0.75
1802115,1802115,2,2.0,17.61,2.0,230,132,1,70.0,0.0,0.5,16.34,6.94,1.0,98.03,2.5,0.0,0.75
1802978,1802978,2,1.0,18.01,2.0,230,132,3,-70.0,0.0,-0.5,0.0,-6.94,-1.0,-81.69,-2.5,0.0,-0.75
1802979,1802979,2,1.0,18.01,2.0,230,132,3,70.0,0.0,0.5,0.0,6.94,1.0,81.69,2.5,0.0,0.75
1806683,1806683,1,1.0,17.2,2.0,230,132,1,70.0,3.25,0.5,10.0,6.94,1.0,91.69,2.5,0.0,0.75
1808105,1808105,2,1.0,17.1,2.0,230,132,1,70.0,0.0,0.5,24.51,6.94,1.0,106.2,2.5,0.0,0.75
1809053,1809053,1,1.0,16.1,5.0,230,132,1,85.0,0.75,0.0,20.31,11.94,1.0,119.0,0.0,0.0,0.75
1811819,1811819,2,1.0,19.9,2.0,230,132,1,70.0,0.0,0.5,24.51,6.94,1.0,106.2,2.5,0.0,0.75
1812875,1812875,2,1.0,18.32,2.0,230,132,1,70.0,0.0,0.5,18.69,0.0,1.0,93.44,2.5,0.0,0.75
1815685,1815685,2,2.0,16.35,2.0,230,132,2,70.0,0.0,0.5,0.0,6.94,1.0,81.69,2.5,0.0,0.75
1818131,1818131,2,4.0,14.42,5.0,230,132,1,83.0,0.0,0.0,18.84,6.94,1.0,113.03,2.5,0.0,0.75
1818701,1818701,2,2.0,17.36,2.0,230,132,2,70.0,0.0,0.5,0.0,6.94,1.0,81.69,2.5,0.0,0.75
1818873,1818873,2,1.0,18.75,2.0,230,132,1,70.0,0.0,0.5,14.95,0.0,1.0,89.7,2.5,0.0,0.75
1818942,1818942,2,2.0,16.63,2.0,230,132,1,70.0,0.0,0.5,16.34,6.94,1.0,98.03,2.5,0.0,0.75
1819419,1819419,2,2.0,18.19,2.0,230,132,1,70.0,0.0,0.5,16.34,6.94,1.0,98.03,2.5,0.0,0.75
1819630,1819630,2,1.0,17.68,2.0,230,132,1,70.0,0.0,0.5,10.0,6.94,1.0,91.69,2.5,0.0,0.75
1819833,1819833,2,2.0,16.5,2.0,230,132,1,70.0,0.0,0.5,16.34,6.94,1.0,98.03,2.5,0.0,0.75
1821096,1821096,1,1.0,17.7,2.0,230,132,2,70.0,3.25,0.5,0.0,6.94,1.0,81.69,2.5,0.0,0.75
1821414,1821414,1,1.0,16.6,2.0,230,132,1,70.0,3.25,0.5,28.0,0.0,1.0,102.75,2.5,0.0,0.75
1821880,1821880,2,1.0,16.77,2.0,230,132,1,70.0,0.0,0.5,12.0,6.94,1.0,93.69,2.5,0.0,0.75
1822338,1822338,1,1.0,15.6,2.0,230,132,1,70.0,3.25,0.5,20.4,6.94,1.0,102.09,2.5,0.0,0.75
1822548,1822548,1,1.0,16.2,2.0,230,132,1,70.0,3.25,0.5,10.0,0.0,1.0,84.75,2.5,0.0,0.75
1822843,1822843,1,1.0,16.7,2.0,230,132,1,70.0,3.25,0.5,16.35,6.94,1.0,98.04,2.5,0.0,0.75
1823352,1823352,2,1.0,17.46,2.0,230,132,1,70.0,0.0,0.5,20.42,6.94,1.0,102.11,2.5,0.0,0.75
1823962,1823962,2,2.0,17.07,2.0,230,132,1,70.0,0.0,0.5,14.95,0.0,1.0,89.7,2.5,0.0,0.75
1824081,1824081,2,1.0,17.61,2.0,230,132,1,70.0,0.0,0.5,0.0,6.94,1.0,81.69,2.5,0.0,0.75
1824994,1824994,2,1.0,17.84,2.0,230,132,1,70.0,0.0,0.5,16.34,6.94,1.0,98.03,2.5,0.0,0.75
1825290,1825290,2,1.0,16.69,2.0,230,132,1,70.0,0.0,0.5,16.34,6.94,1.0,98.03,2.5,0.0,0.75
1827496,1827496,2,2.0,17.99,2.0,230,132,2,70.0,0.0,0.5,0.0,6.94,1.0,81.69,2.5,0.0,0.75
1828442,1828442,2,1.0,16.97,2.0,230,132,1,70.0,0.0,0.5,5.0,6.94,1.0,86.69,2.5,0.0,0.75
1828573,1828573,2,1.0,16.86,2.0,230,132,1,70.0,0.0,0.5,10.0,6.94,1.0,91.69,2.5,0.0,0.75
1830694,1830694,2,1.0,17.86,2.0,230,132,1,70.0,0.0,0.5,24.51,6.94,1.0,106.2,2.5,0.0,0.75
1833051,1833051,1,1.0,16.9,2.0,230,132,1,70.0,3.25,0.5,16.35,6.94,1.0,98.04,2.5,0.0,0.75
1833488,1833488,2,2.0,16.94,2.0,230,132,1,70.0,0.0,0.5,20.42,6.94,1.0,102.11,2.5,0.0,0.75
1833533,1833533,2,2.0,16.87,2.0,230,132,1,70.0,0.0,0.5,16.34,6.94,1.0,98.03,2.5,0.0,0.75
1834169,1834169,1,0.0,17.1,2.0,230,132,1,70.0,3.25,0.5,16.3,6.94,1.0,97.99,2.5,0.0,0.75
1836126,1836126,2,1.0,16.96,2.0,230,132,2,70.0,0.0,0.5,0.0,6.94,1.0,81.69,2.5,0.0,0.75
1836174,1836174,2,2.0,16.4,2.0,230,132,1,70.0,0.0,0.5,18.69,0.0,1.0,93.44,2.5,0.0,0.75
1836221,1836221,7,1.0,17.45,2.0,230,132,2,70.0,0.0,0.5,0.0,0.0,1.0,74.75,2.5,0.0,0.75
1836663,1836663,2,1.0,15.4,2.0,230,132,1,70.0,0.0,0.5,14.95,0.0,1.0,89.7,2.5,0.0,0.75
1837421,1837421,2,1.0,16.48,2.0,230,132,1,70.0,0.0,0.5,14.95,0.0,1.0,89.7,2.5,0.0,0.75
1838640,1838640,2,4.0,17.91,5.0,230,132,2,85.0,0.0,0.0,0.0,0.0,1.0,89.25,2.5,0.0,0.75
1841464,1841464,2,1.0,14.6,2.0,230,132,1,70.0,0.0,0.5,14.95,0.0,1.0,89.7,2.5,0.0,0.75
1842179,1842179,2,1.0,16.51,2.0,230,132,1,70.0,0.0,0.5,12.0,6.94,1.0,93.69,2.5,0.0,0.75
1842765,1842765,2,2.0,15.6,2.0,230,132,1,70.0,0.0,0.5,20.42,6.94,1.0,102.11,2.5,0.0,0.75
1844094,1844094,1,1.0,17.0,2.0,230,132,1,70.0,3.25,0.5,16.35,6.94,1.0,98.04,2.5,0.0,0.75
1844597,1844597,1,1.0,15.7,5.0,230,132,2,89.0,0.75,0.0,0.0,6.94,1.0,97.69,0.0,0.0,0.75
1845484,1845484,1,3.0,18.1,5.0,230,132,1,86.69,0.75,0.0,17.65,0.0,1.0,106.09,0.0,0.0,0.75
1845850,1845850,2,2.0,15.75,2.0,230,132,2,70.0,0.0,0.5,0.0,6.94,1.0,81.69,2.5,0.0,0.75
1846129,1846129,2,2.0,17.48,2.0,230,132,2,70.0,0.0,0.5,0.0,6.94,1.0,81.69,2.5,0.0,0.75
1846620,1846620,2,1.0,16.0,2.0,230,132,2,70.0,0.0,0.5,0.0,6.94,1.0,81.69,2.5,0.0,0.75
1848014,1848014,1,1.0,16.7,2.0,230,132,1,70.0,3.25,0.5,20.4,6.94,1.0,102.09,2.5,0.0,0.75
1848096,1848096,2,3.0,15.75,5.0,230,132,2,85.0,0.0,0.0,0.0,0.0,1.0,89.25,2.5,0.0,0.75
1849674,1849674,2,1.0,14.61,2.0,230,132,2,70.0,5.0,0.5,0.0,0.0,1.0,79.75,2.5,0.0,0.75
1850571,1850571,1,1.0,18.6,2.0,230,132,1,70.0,8.25,0.5,19.95,0.0,1.0,99.7,2.5,0.0,0.75
1852379,1852379,2,1.0,18.09,2.0,230,132,1,70.0,5.0,0.5,17.34,6.94,1.0,104.03,2.5,0.0,0.75
1853824,1853824,2,3.0,16.58,2.0,230,132,1,70.0,5.0,0.5,15.95,0.0,1.0,95.7,2.5,0.0,0.75
1854341,1854341,2,2.0,14.91,2.0,230,132,2,70.0,5.0,0.5,0.0,0.0,1.0,82.25,2.5,0.0,0.75
1854600,1854600,2,1.0,16.44,2.0,230,132,1,70.0,5.0,0.5,17.34,6.94,1.0,104.03,2.5,0.0,0.75
1855866,1855866,2,1.0,16.75,2.0,230,132,1,70.0,5.0,0.5,17.34,6.94,1.0,104.03,2.5,0.0,0.75
1856192,1856192,2,2.0,18.76,2.0,230,132,1,70.0,5.0,0.5,3.0,6.94,1.0,89.69,2.5,0.0,0.75
1856775,1856775,2,4.0,16.95,5.0,230,132,2,130.0,0.0,0.0,0.0,0.0,1.0,134.25,2.5,0.0,0.75
1856918,1856918,2,1.0,16.29,2.0,230,132,1,70.0,5.0,0.5,5.0,6.94,1.0,91.69,2.5,0.0,0.75
1857212,1857212,2,2.0,17.01,2.0,230,132,1,70.0,5.0,0.5,0.0,6.94,1.0,86.69,2.5,0.0,0.75
1857486,1857486,2,1.0,16.28,2.0,230,132,1,70.0,5.0,0.5,17.34,6.94,1.0,104.03,2.5,0.0,0.75
1857772,1857772,2,2.0,16.34,2.0,230,132,1,70.0,5.0,0.5,15.95,0.0,1.0,95.7,2.5,0.0,0.75
1858345,1858345,2,1.0,15.72,2.0,230,132,1,70.0,5.0,0.5,17.34,6.94,1.0,104.03,2.5,0.0,0.75
1863832,1863832,2,1.0,15.84,2.0,230,132,1,70.0,5.0,0.5,0.0,6.94,1.0,86.69,2.5,0.0,0.75
1864105,1864105,2,1.0,14.82,2.0,230,132,1,70.0,5.0,0.5,12.0,0.0,1.0,91.75,2.5,0.0,0.75
1864498,1864498,2,1.0,15.17,2.0,230,132,1,70.0,5.0,0.5,10.0,6.94,1.0,96.69,2.5,0.0,0.75
1865665,1865665,2,1.0,16.17,2.0,230,132,1,70.0,5.0,0.5,17.34,6.94,1.0,104.03,2.5,0.0,0.75
1865718,1865718,2,1.0,16.3,5.0,230,132,4,-95.0,0.0,0.0,-19.85,0.0,-1.0,-119.1,-2.5,0.0,-0.75
1865719,1865719,2,1.0,16.3,5.0,230,132,4,95.0,0.0,0.0,19.85,0.0,1.0,119.1,2.5,0.0,0.75
1866062,1866062,2,2.0,17.52,2.0,230,132,1,70.0,5.0,0.5,17.34,6.94,1.0,104.03,2.5,0.0,0.75
1867836,1867836,2,1.0,16.02,2.0,230,132,1,70.0,5.0,0.5,19.94,0.0,1.0,99.69,2.5,0.0,0.75
1880472,1880472,2,2.0,17.99,2.0,230,132,1,70.0,5.0,0.5,7.0,0.0,1.0,86.75,2.5,0.0,0.75
1881290,1881290,2,1.0,19.61,2.0,230,132,1,70.0,5.0,0.5,17.34,6.94,1.0,104.03,2.5,0.0,0.75
1887547,1887547,2,3.0,17.97,2.0,230,132,2,70.0,0.0,0.5,0.0,6.94,1.0,81.69,2.5,0.0,0.75
1892113,1892113,2,4.0,17.96,2.0,230,132,1,70.0,0.0,0.5,14.0,6.94,1.0,95.69,2.5,0.0,0.75
1907751,1907751,2,1.0,17.41,2.0,230,132,1,70.0,0.0,0.5,0.0,6.94,1.0,81.69,2.5,0.0,0.75
1917748,1917748,2,2.0,0.0,2.0,230,132,1,70.0,0.0,0.5,10.0,6.94,1.0,91.69,2.5,0.0,0.75
1918857,1918857,1,1.0,17.4,2.0,230,132,1,70.0,3.25,0.5,16.35,6.94,1.0,98.04,2.5,0.0,0.75
1918878,1918878,2,2.0,17.05,2.0,230,132,1,70.0,0.0,0.5,10.0,6.94,1.0,91.69,2.5,0.0,0.75
1918966,1918966,2,2.0,17.14,2.0,230,132,1,70.0,0.0,0.5,20.42,6.94,1.0,102.11,2.5,0.0,0.75
1919269,1919269,2,1.0,17.01,2.0,230,132,1,70.0,0.0,0.5,16.34,6.94,1.0,98.03,2.5,0.0,0.75
1919985,1919985,2,1.0,16.88,2.0,230,132,1,70.0,0.0,0.5,16.34,6.94,1.0,98.03,2.5,0.0,0.75
1920128,1920128,2,2.0,18.39,2.0,230,132,1,70.0,0.0,0.5,20.42,6.94,1.0,102.11,2.5,0.0,0.75
1921401,1921401,2,1.0,17.85,2.0,230,132,2,70.0,0.0,0.5,0.0,5.0,1.0,79.75,2.5,0.0,0.75
1921558,1921558,2,1.0,18.12,2.0,230,132,1,70.0,0.0,0.5,14.95,0.0,1.0,89.7,2.5,0.0,0.75
1921784,1921784,2,2.0,17.43,2.0,230,132,1,70.0,0.0,0.5,20.42,6.94,1.0,102.11,2.5,0.0,0.75
1922414,1922414,2,1.0,16.68,2.0,230,132,1,70.0,0.0,0.5,10.0,6.94,1.0,91.69,2.5,0.0,0.75
1923577,1923577,1,1.0,18.2,2.0,230,132,1,70.0,3.25,0.5,20.0,6.94,1.0,101.69,2.5,0.0,0.75
1923633,1923633,2,2.0,16.89,2.0,230,132,1,70.0,0.0,0.5,16.34,6.94,1.0,98.03,2.5,0.0,0.75
1923751,1923751,2,2.0,17.52,2.0,230,132,1,70.0,0.0,0.5,16.34,6.94,1.0,98.03,2.5,0.0,0.75
1927614,1927614,2,1.0,15.92,5.0,230,132,1,83.0,0.0,0.0,23.55,6.94,1.0,117.74,2.5,0.0,0.75
1927711,1927711,2,2.0,18.15,2.0,230,132,1,70.0,0.0,0.5,16.34,6.94,1.0,98.03,2.5,0.0,0.75
1927748,1927748,2,2.0,16.51,2.0,230,132,1,70.0,0.0,0.5,16.34,6.94,1.0,98.03,2.5,0.0,0.75
1928352,1928352,2,1.0,18.43,2.0,230,132,1,70.0,0.0,0.5,10.0,6.94,1.0,91.69,2.5,0.0,0.75
1929432,1929432,2,1.0,18.08,2.0,230,132,1,70.0,0.0,0.5,16.34,6.94,1.0,98.03,2.5,0.0,0.75
1933949,1933949,2,2.0,18.36,2.0,230,132,1,70.0,0.0,0.5,16.34,6.94,1.0,98.03,2.5,0.0,0.75
1937663,1937663,2,1.0,17.23,2.0,230,132,1,70.0,0.0,0.5,16.34,6.94,1.0,98.03,2.5,0.0,0.75
1937720,1937720,2,3.0,16.47,2.0,230,132,1,70.0,0.0,0.5,0.0,6.94,1.0,81.69,2.5,0.0,0.75
1938655,1938655,2,4.0,16.37,5.0,230,132,1,120.0,0.0,0.0,26.24,6.94,1.0,157.43,2.5,0.0,0.75
1938701,1938701,2,2.0,17.89,2.0,230,132,1,70.0,0.0,0.5,16.34,6.94,1.0,98.03,2.5,0.0,0.75
1938996,1938996,1,1.0,16.7,2.0,230,132,1,70.0,3.25,0.5,10.0,6.94,1.0,91.69,2.5,0.0,0.75
1941059,1941059,2,2.0,16.94,2.0,230,132,1,70.0,0.0,0.5,2.0,6.94,1.0,83.69,2.5,0.0,0.75
1941645,1941645,2,3.0,18.6,2.0,230,132,1,70.0,0.0,0.5,20.42,6.94,1.0,102.11,2.5,0.0,0.75
1944072,1944072,2,2.0,17.0,2.0,230,132,2,70.0,0.0,0.5,0.0,6.94,1.0,81.69,2.5,0.0,0.75
1944575,1944575,1,1.0,17.1,2.0,230,132,1,70.0,3.25,0.5,10.0,6.94,1.0,91.69,2.5,0.0,0.75
1944822,1944822,2,2.0,16.31,2.0,230,132,1,70.0,0.0,0.5,16.34,6.94,1.0,98.03,2.5,0.0,0.75
1944964,1944964,1,1.0,17.1,2.0,230,132,1,70.0,3.25,0.5,9.0,6.94,1.0,90.69,2.5,0.0,0.75
1946587,1946587,2,1.0,16.4,2.0,230,132,1,70.0,0.0,0.5,16.34,6.94,1.0,98.03,2.5,0.0,0.75
1949542,1949542,2,1.0,15.31,5.0,230,132,1,87.0,0.0,0.0,19.64,6.94,1.0,117.83,2.5,0.0,0.75
1950362,1950362,2,2.0,16.61,2.0,230,132,2,70.0,0.0,0.5,0.0,6.94,1.0,81.69,2.5,0.0,0.75
1951029,1951029,2,2.0,16.87,2.0,230,132,2,70.0,0.0,0.5,0.0,6.94,1.0,81.69,2.5,0.0,0.75
1951206,1951206,1,1.0,16.4,2.0,230,132,2,70.0,3.25,0.5,0.0,6.94,1.0,81.69,2.5,0.0,0.75
1952042,1952042,2,1.0,17.18,2.0,230,132,1,70.0,0.0,0.5,0.0,6.94,1.0,81.69,2.5,0.0,0.75
1952222,1952222,2,3.0,17.26,2.0,230,132,1,70.0,0.0,0.5,16.19,6.94,1.0,97.88,2.5,0.0,0.75
1952345,1952345,2,2.0,16.74,2.0,230,132,1,70.0,0.0,0.5,20.42,6.94,1.0,102.11,2.5,0.0,0.75
1952660,1952660,1,1.0,16.4,5.0,230,132,1,87.0,0.75,0.0,12.0,6.94,1.0,107.69,0.0,0.0,0.75
1953158,1953158,1,1.0,20.8,2.0,230,132,1,70.0,3.25,0.5,16.35,6.94,1.0,98.04,2.5,0.0,0.75
1953633,1953633,2,2.0,17.06,2.0,230,132,1,70.0,0.0,0.5,16.34,6.94,1.0,98.03,2.5,0.0,0.75
1953998,1953998,2,2.0,18.3,2.0,230,132,1,70.0,0.0,0.5,16.34,6.94,1.0,98.03,2.5,0.0,0.75
1954502,1954502,2,1.0,16.64,5.0,230,132,1,81.0,0.0,0.0,17.05,0.0,1.0,102.3,2.5,0.0,0.75
1954640,1954640,2,1.0,16.95,2.0,230,132,1,70.0,0.0,0.5,14.95,0.0,1.0,89.7,2.5,0.0,0.75
1955424,1955424,2,1.0,17.47,2.0,230,132,1,70.0,0.0,0.5,0.0,6.94,1.0,81.69,2.5,0.0,0.75
1955961,1955961,2,1.0,14.76,2.0,230,132,1,70.0,0.0,0.5,14.95,0.0,1.0,89.7,2.5,0.0,0.75
1956341,1956341,1,1.0,17.7,2.0,230,132,1,70.0,3.25,0.5,16.35,6.94,1.0,98.04,2.5,0.0,0.75
1956787,1956787,1,1.0,14.9,2.0,230,132,1,70.0,3.25,0.5,30.0,0.0,1.0,104.75,2.5,0.0,0.75
1959500,1959500,2,2.0,16.12,2.0,230,132,1,70.0,0.0,0.5,0.0,6.94,1.0,81.69,2.5,0.0,0.75
1960343,1960343,2,2.0,16.32,2.0,230,132,1,70.0,0.0,0.5,20.42,6.94,1.0,102.11,2.5,0.0,0.75
1962197,1962197,1,1.0,15.4,5.0,230,132,1,87.0,0.75,0.0,0.0,0.0,1.0,88.75,0.0,0.0,0.75
1962481,1962481,2,2.0,16.62,2.0,230,132,1,70.0,0.0,0.5,15.0,6.94,1.0,96.69,2.5,0.0,0.75
1962563,1962563,2,1.0,15.09,2.0,230,132,3,-70.0,0.0,-0.5,0.0,0.0,-1.0,-74.75,-2.5,0.0,-0.75
1962564,1962564,2,1.0,15.09,2.0,230,132,3,70.0,0.0,0.5,0.0,0.0,1.0,74.75,2.5,0.0,0.75
1965331,1965331,2,1.0,15.17,2.0,230,132,1,70.0,0.0,0.5,14.95,0.0,1.0,89.7,2.5,0.0,0.75
1966022,1966022,1,3.0,16.0,5.0,230,132,2,86.0,0.75,0.0,0.0,0.0,1.0,87.75,0.0,0.0,0.75
1966178,1966178,1,2.0,17.8,5.0,230,132,1,89.0,0.75,0.0,5.0,0.0,1.0,95.75,0.0,0.0,0.75
1967686,1967686,2,2.0,15.37,2.0,230,132,1,70.0,0.0,0.5,35.0,0.0,1.0,109.75,2.5,0.0,0.75
1968357,1968357,2,3.0,15.78,2.0,230,132,1,70.0,0.0,0.5,0.0,6.94,1.0,81.69,2.5,0.0,0.75
1968674,1968674,2,2.0,15.53,2.0,230,132,1,70.0,0.0,0.5,16.34,6.94,1.0,98.03,2.5,0.0,0.75
1968680,1968680,1,1.0,15.7,2.0,230,132,1,70.0,3.25,0.5,14.95,0.0,1.0,89.7,2.5,0.0,0.75
1969840,1969840,2,2.0,19.32,2.0,230,132,1,70.0,0.0,0.5,16.84,6.94,1.0,101.03,2.5,0.0,0.75
1972938,1972938,2,1.0,15.07,5.0,230,132,1,71.11,0.0,0.5,15.17,0.0,1.0,91.03,2.5,0.0,0.75
1974296,1974296,2,2.0,17.4,2.0,230,132,1,70.0,5.0,0.5,17.34,6.94,1.0,104.03,2.5,0.0,0.75
1974882,1974882,1,1.0,16.4,2.0,230,132,1,70.0,8.25,0.5,6.95,0.0,1.0,86.7,2.5,0.0,0.75
1975737,1975737,2,1.0,21.77,1.0,230,132,1,113.6,2.5,0.5,25.56,6.94,1.0,153.35,2.5,0.0,0.75
1977123,1977123,2,1.0,17.18,5.0,230,132,4,-95.0,0.0,0.0,0.0,0.0,-1.0,-99.25,-2.5,0.0,-0.75
1977124,1977124,2,1.0,17.18,5.0,230,132,4,95.0,0.0,0.0,0.0,0.0,1.0,99.25,2.5,0.0,0.75
1977865,1977865,1,1.0,16.6,2.0,230,132,1,70.0,8.25,0.5,17.35,6.94,1.0,104.04,2.5,0.0,0.75
1979109,1979109,2,2.0,17.3,2.0,230,132,1,70.0,5.0,0.5,16.45,0.0,1.0,98.7,2.5,0.0,0.75
1983847,1983847,2,1.0,17.02,2.0,230,132,1,70.0,5.0,0.5,15.0,6.94,1.0,101.69,2.5,0.0,0.75
1987172,1987172,2,3.0,16.26,2.0,230,132,1,70.0,5.0,0.5,10.0,6.94,1.0,96.69,2.5,0.0,0.75
1991132,1991132,2,1.0,14.75,2.0,230,132,1,70.0,5.0,0.5,26.01,6.94,1.0,112.7,2.5,0.0,0.75
1993248,1993248,2,1.0,16.31,2.0,230,132,1,70.0,5.0,0.5,21.67,6.94,1.0,108.36,2.5,0.0,0.75
1994464,1994464,2,2.0,17.31,2.0,230,132,1,70.0,5.0,0.5,15.95,0.0,1.0,95.7,2.5,0.0,0.75
1997900,1997900,2,2.0,17.75,2.0,230,132,1,70.0,5.0,0.5,17.34,6.94,1.0,104.03,2.5,0.0,0.75
2002923,2002923,2,2.0,17.11,2.0,230,132,1,70.0,0.0,0.5,16.34,6.94,1.0,98.03,2.5,0.0,0.75
2030027,2030027,2,1.0,17.33,2.0,230,132,1,70.0,0.0,0.5,0.01,0.0,1.0,74.76,2.5,0.0,0.75
2041770,2041770,1,1.0,17.0,2.0,230,132,1,70.0,3.25,0.5,20.4,6.94,1.0,102.09,2.5,0.0,0.75
2041887,2041887,1,1.0,16.9,2.0,230,132,1,70.0,3.25,0.5,15.0,6.94,1.0,96.69,2.5,0.0,0.75
2041903,2041903,2,1.0,27.98,2.0,230,132,1,70.0,0.0,0.5,16.34,6.94,1.0,98.03,2.5,0.0,0.75
2042791,2042791,2,1.0,16.59,2.0,230,132,1,70.0,0.0,0.5,16.34,6.94,1.0,98.03,2.5,0.0,0.75
2043060,2043060,2,1.0,17.16,5.0,230,132,1,82.0,0.0,0.0,17.25,0.0,1.0,103.5,2.5,0.0,0.75
2043134,2043134,2,1.0,17.01,2.0,230,132,1,70.0,0.0,0.5,0.01,6.94,1.0,81.7,2.5,0.0,0.75
2043145,2043145,2,4.0,16.0,5.0,230,132,1,95.0,0.0,0.0,21.24,6.94,1.0,127.43,2.5,0.0,0.75
2043159,2043159,2,1.0,19.26,5.0,230,132,4,-85.0,0.0,0.0,0.0,-6.94,-1.0,-96.19,-2.5,0.0,-0.75
2043160,2043160,2,1.0,19.26,5.0,230,132,4,85.0,0.0,0.0,0.0,6.94,1.0,96.19,2.5,0.0,0.75
2043805,2043805,2,2.0,18.77,2.0,230,132,1,70.0,0.0,0.5,14.95,0.0,1.0,89.7,2.5,0.0,0.75
2044037,2044037,2,1.0,17.91,2.0,230,132,1,70.0,0.0,0.5,16.34,6.94,1.0,98.03,2.5,0.0,0.75
2046214,2046214,2,2.0,16.81,2.0,230,132,1,70.0,0.0,0.5,16.34,6.94,1.0,98.03,2.5,0.0,0.75
2046293,2046293,2,1.0,17.67,2.0,230,132,1,70.0,0.0,0.5,16.34,6.94,1.0,98.03,2.5,0.0,0.75
2046858,2046858,2,2.0,17.46,2.0,230,132,1,70.0,0.0,0.5,0.0,6.94,1.0,81.69,2.5,0.0,0.75
2047123,2047123,2,2.0,17.51,2.0,230,132,1,70.0,0.0,0.5,16.34,6.94,1.0,98.03,2.5,0.0,0.75
2047510,2047510,2,1.0,17.39,5.0,230,132,1,95.0,0.0,0.0,9.92,0.0,1.0,109.17,2.5,0.0,0.75
2047515,2047515,2,1.0,20.11,2.0,230,132,1,70.0,0.0,0.5,16.34,6.94,1.0,98.03,2.5,0.0,0.75
2048524,2048524,2,2.0,17.43,2.0,230,132,1,70.0,0.0,0.5,0.0,13.88,1.0,88.63,2.5,0.0,0.75
2048708,2048708,2,2.0,16.86,2.0,230,132,1,70.0,0.0,0.5,20.42,6.94,1.0,102.11,2.5,0.0,0.75
2049468,2049468,2,1.0,16.83,2.0,230,132,1,70.0,0.0,0.5,0.0,6.94,1.0,81.69,2.5,0.0,0.75
2051876,2051876,1,1.0,18.5,2.0,230,132,1,70.0,3.25,0.5,10.0,6.94,1.0,91.69,2.5,0.0,0.75
2052830,2052830,2,1.0,17.64,2.0,230,132,1,70.0,0.0,0.5,16.34,6.94,1.0,98.03,2.5,0.0,0.75
2053901,2053901,2,2.0,18.25,2.0,230,132,1,70.0,0.0,0.5,5.0,0.0,1.0,79.75,2.5,0.0,0.75
2054223,2054223,2,2.0,17.8,2.0,230,132,1,70.0,0.0,0.5,16.84,6.94,1.0,101.03,2.5,0.0,0.75
2054979,2054979,1,1.0,16.4,2.0,230,132,3,70.0,3.25,0.5,0.0,6.94,1.0,81.69,2.5,0.0,0.75
2055564,2055564,1,1.0,17.1,2.0,230,132,2,70.0,3.25,0.5,0.0,6.94,1.0,81.69,2.5,0.0,0.75
2057868,2057868,2,2.0,18.58,2.0,230,132,1,70.0,0.0,0.5,10.0,6.94,1.0,94.19,2.5,0.0,0.75
2058057,2058057,2,1.0,17.78,2.0,230,132,2,70.0,0.0,0.5,0.0,6.94,1.0,81.69,2.5,0.0,0.75
2058203,2058203,1,0.0,17.0,2.0,230,132,1,70.0,3.25,0.5,16.3,6.94,1.0,97.99,2.5,0.0,0.75
2058815,2058815,2,2.0,17.56,2.0,230,132,1,70.0,0.0,0.5,0.0,6.94,1.0,81.69,2.5,0.0,0.75
2061600,2061600,2,2.0,17.23,2.0,230,132,1,70.0,0.0,0.5,14.0,6.94,1.0,95.69,2.5,0.0,0.75
2062098,2062098,2,2.0,16.1,2.0,230,132,1,70.0,0.0,0.5,20.42,6.94,1.0,102.11,2.5,0.0,0.75
2062190,2062190,2,1.0,17.94,2.0,230,132,1,70.0,0.0,0.5,10.0,6.94,1.0,91.69,2.5,0.0,0.75
2065316,2065316,2,2.0,16.35,2.0,230,132,2,70.0,0.0,0.5,0.0,6.94,1.0,81.69,2.5,0.0,0.75
2065972,2065972,2,2.0,18.18,2.0,230,132,2,70.0,0.0,0.5,0.0,6.94,1.0,81.69,2.5,0.0,0.75
2066818,2066818,2,2.0,18.53,2.0,230,132,1,70.0,0.0,0.5,16.34,6.94,1.0,98.03,2.5,0.0,0.75
2068219,2068219,2,2.0,17.27,2.0,230,132,1,70.0,0.0,0.5,16.34,6.94,1.0,98.03,2.5,0.0,0.75
2068275,2068275,1,1.0,16.2,2.0,230,132,2,70.0,3.25,0.5,0.0,6.94,1.0,81.69,2.5,0.0,0.75
2069229,2069229,2,2.0,17.15,2.0,230,132,2,70.0,0.0,0.5,0.0,6.94,1.0,81.69,2.5,0.0,0.75
2070417,2070417,1,1.0,17.2,5.0,230,132,1,85.0,0.75,0.0,0.0,0.0,1.0,86.75,0.0,0.0,0.75
2071440,2071440,1,1.0,17.7,2.0,230,132,1,70.0,3.25,0.5,16.35,6.94,1.0,98.04,2.5,0.0,0.75
2071585,2071585,1,1.0,17.3,2.0,230,132,1,70.0,3.25,0.5,0.0,6.94,1.0,81.69,2.5,0.0,0.75
2072479,2072479,2,2.0,17.1,2.0,230,132,1,70.0,0.0,0.5,14.95,0.0,1.0,89.7,2.5,0.0,0.75
2073192,2073192,2,2.0,16.64,2.0,230,132,1,70.0,0.0,0.5,10.0,6.94,1.0,91.69,2.5,0.0,0.75
2073686,2073686,2,1.0,14.92,2.0,230,132,1,70.0,0.0,0.5,19.31,0.0,1.0,96.56,2.5,0.0,0.75
2075722,2075722,2,2.0,16.86,2.0,230,132,1,70.0,0.0,0.5,16.19,6.94,1.0,97.13,2.5,0.0,0.0
2075930,2075930,2,1.0,20.26,2.0,230,132,1,70.0,0.0,0.5,22.43,0.0,1.0,97.18,2.5,0.0,0.75
2077688,2077688,2,2.0,18.13,5.0,230,132,1,85.0,0.0,0.0,17.85,0.0,1.0,107.1,2.5,0.0,0.75
2079587,2079587,2,2.0,19.65,2.0,230,132,1,70.0,0.0,0.5,16.34,6.94,1.0,98.03,2.5,0.0,0.75
2081164,2081164,2,2.0,18.8,2.0,230,132,1,70.0,0.0,0.5,16.34,6.94,1.0,98.03,2.5,0.0,0.75
2081630,2081630,2,2.0,17.44,2.0,230,132,1,70.0,0.0,0.5,16.84,6.94,1.0,101.03,2.5,0.0,0.75
2082420,2082420,2,2.0,16.96,2.0,230,132,1,70.0,0.0,0.5,10.0,6.94,1.0,91.69,2.5,0.0,0.75
2082713,2082713,2,1.0,17.85,2.0,230,132,1,70.0,0.0,0.5,16.34,6.94,1.0,98.03,2.5,0.0,0.75
2084153,2084153,2,1.0,16.74,2.0,230,132,2,70.0,0.0,0.5,0.0,6.94,1.0,81.69,2.5,0.0,0.75
2084403,2084403,2,2.0,17.11,2.0,230,132,1,70.0,0.0,0.5,16.34,6.94,1.0,98.03,2.5,0.0,0.75
2085725,2085725,2,2.0,17.52,2.0,230,132,2,70.0,0.0,0.5,0.0,6.94,1.0,81.69,2.5,0.0,0.75
2085866,2085866,2,2.0,16.76,2.0,230,132,2,70.0,0.0,0.5,0.0,0.0,1.0,74.75,2.5,0.0,0.75
2085897,2085897,2,4.0,15.81,5.0,230,132,1,90.0,0.0,0.0,18.85,0.0,1.0,113.1,2.5,0.0,0.75
2087593,2087593,2,3.0,17.79,2.0,230,132,1,70.0,0.0,0.5,16.34,6.94,1.0,98.03,2.5,0.0,0.75
2088132,2088132,2,2.0,17.6,2.0,230,132,1,70.0,0.0,0.5,14.95,0.0,1.0,89.7,2.5,0.0,0.75
2091797,2091797,2,1.0,17.69,2.0,230,132,1,70.0,0.0,0.5,16.34,6.94,1.0,98.03,2.5,0.0,0.75
2092298,2092298,2,1.0,17.67,2.0,230,132,1,70.0,0.0,0.5,14.95,0.0,1.0,89.7,2.5,0.0,0.75
2092948,2092948,2,3.0,16.95,2.0,230,132,1,70.0,0.0,0.5,10.0,6.94,1.0,91.69,2.5,0.0,0.75
2093843,2093843,2,2.0,17.35,2.0,230,132,1,70.0,0.0,0.5,20.42,6.94,1.0,102.11,2.5,0.0,0.75
2095223,2095223,2,4.0,17.22,2.0,230,132,1,70.0,0.0,0.5,16.34,6.94,1.0,98.03,2.5,0.0,0.75
2096298,2096298,2,2.0,17.46,2.0,230,132,2,70.0,0.0,0.5,0.0,6.94,1.0,81.69,2.5,0.0,0.75
2096516,2096516,2,1.0,16.9,2.0,230,132,1,70.0,0.0,0.5,0.0,6.94,1.0,81.69,2.5,0.0,0.75
2097528,2097528,2,2.0,16.88,2.0,230,132,1,70.0,0.0,0.5,10.0,6.94,1.0,91.69,2.5,0.0,0.75
2098762,2098762,1,1.0,19.5,2.0,230,132,1,70.0,3.25,0.5,14.95,0.0,1.0,89.7,2.5,0.0,0.75
2102466,2102466,2,1.0,18.28,2.0,230,132,1,70.0,0.0,0.5,16.34,6.94,1.0,98.03,2.5,0.0,0.75
2102720,2102720,1,1.0,17.7,5.0,230,132,2,86.69,0.75,0.0,0.0,0.0,1.0,88.44,0.0,0.0,0.75
2111701,2111701,2,2.0,16.15,2.0,230,132,1,70.0,0.0,0.5,18.33,16.88,1.0,109.96,2.5,0.0,0.75
2115267,2115267,2,1.0,16.37,2.0,230,132,1,70.0,0.0,0.5,9.31,6.94,1.0,91.0,2.5,0.0,0.75
2115375,2115375,2,2.0,17.59,2.0,230,132,1,70.0,0.0,0.5,16.34,6.94,1.0,98.03,2.5,0.0,0.75
2121917,2121917,2,2.0,16.41,2.0,230,132,1,70.0,0.0,0.5,16.34,6.94,1.0,98.03,2.5,0.0,0.75
2152367,2152367,1,1.0,17.4,2.0,230,132,2,70.0,3.25,0.5,0.0,6.94,1.0,81.69,2.5,0.0,0.75
2152567,2152567,2,3.0,17.36,2.0,230,132,1,70.0,0.0,0.5,16.34,6.94,1.0,98.03,2.5,0.0,0.75
2153992,2153992,2,2.0,17.37,2.0,230,132,1,70.0,0.0,0.5,10.0,6.94,1.0,91.69,2.5,0.0,0.75
2154248,2154248,2,2.0,17.23,2.0,230,132,2,70.0,0.0,0.5,0.0,6.94,1.0,81.69,2.5,0.0,0.75
2154834,2154834,2,4.0,17.43,2.0,230,132,4,-70.0,0.0,-0.5,0.0,-6.94,-1.0,-81.69,-2.5,0.0,-0.75
2154835,2154835,2,4.0,17.43,2.0,230,132,4,70.0,0.0,0.5,0.0,6.94,1.0,81.69,2.5,0.0,0.75
2154869,2154869,2,2.0,17.08,2.0,230,132,1,70.0,0.0,0.5,0.0,6.94,1.0,81.69,2.5,0.0,0.75
2155089,2155089,2,1.0,17.33,2.0,230,132,1,70.0,0.0,0.5,20.42,6.94,1.0,102.11,2.5,0.0,0.75
2155240,2155240,2,2.0,17.07,2.0,230,132,2,70.0,0.0,0.5,0.0,6.94,1.0,81.69,2.5,0.0,0.75
2155246,2155246,2,1.0,17.7,2.0,230,132,1,70.0,0.0,0.5,16.34,6.94,1.0,98.03,2.5,0.0,0.75
2155820,2155820,2,1.0,17.73,2.0,230,132,1,70.0,0.0,0.5,16.19,6.94,1.0,97.88,2.5,0.0,0.75
2156002,2156002,2,1.0,17.21,2.0,230,132,1,70.0,0.0,0.5,20.42,6.94,1.0,102.11,2.5,0.0,0.75
2156442,2156442,2,2.0,18.78,2.0,230,132,1,70.0,0.0,0.5,16.34,6.94,1.0,98.03,2.5,0.0,0.75
2156803,2156803,2,2.0,17.7,2.0,230,132,2,70.0,0.0,0.5,0.0,6.94,1.0,81.69,2.5,0.0,0.75
2156867,2156867,1,1.0,17.4,2.0,230,132,2,70.0,3.25,0.5,0.0,0.0,1.0,74.75,2.5,0.0,0.75
2156877,2156877,2,1.0,17.31,2.0,230,132,1,70.0,0.0,0.5,10.0,6.94,1.0,91.69,2.5,0.0,0.75
2156886,2156886,2,1.0,17.3,2.0,230,132,1,70.0,0.0,0.5,0.0,6.94,1.0,81.69,2.5,0.0,0.75
2156941,2156941,2,2.0,18.96,2.0,230,132,1,70.0,0.0,0.5,16.34,6.94,1.0,98.03,2.5,0.0,0.75
2157121,2157121,2,2.0,14.72,2.0,230,132,1,70.0,0.0,0.5,16.34,6.94,1.0,98.03,2.5,0.0,0.75
2157190,2157190,2,2.0,15.95,2.0,230,132,1,70.0,0.0,0.5,16.34,6.94,1.0,98.03,2.5,0.0,0.75
2157363,2157363,2,2.0,18.09,2.0,230,132,1,70.0,0.0,0.5,18.69,0.0,1.0,93.44,2.5,0.0,0.75
2157410,2157410,2,1.0,17.73,2.0,230,132,1,70.0,0.0,0.5,10.0,6.94,1.0,91.69,2.5,0.0,0.75
2157818,2157818,2,1.0,17.02,2.0,230,132,1,70.0,0.0,0.5,16.34,6.94,1.0,98.03,2.5,0.0,0.75
2158343,2158343,2,3.0,18.85,2.0,230,132,1,70.0,0.0,0.5,20.42,6.94,1.0,102.11,2.5,0.0,0.75
2158784,2158784,2,2.0,16.26,2.0,230,132,1,70.0,0.0,0.5,10.0,6.94,1.0,91.69,2.5,0.0,0.75
2158840,2158840,1,1.0,13.1,2.0,230,132,1,70.0,3.25,0.5,16.35,6.94,1.0,98.04,2.5,0.0,0.75
2158860,2158860,1,1.0,16.6,2.0,230,132,2,70.0,3.25,0.5,0.0,6.94,1.0,81.69,2.5,0.0,0.75
2160454,2160454,1,1.0,17.0,2.0,230,132,1,70.0,3.25,0.5,16.35,6.94,1.0,98.04,2.5,0.0,0.75
2161070,2161070,2,1.0,17.7,2.0,230,132,1,70.0,0.0,0.5,23.18,0.0,1.0,100.43,2.5,0.0,0.75
2161665,2161665,2,1.0,21.88,2.0,230,132,1,70.0,0.0,0.5,20.42,6.94,1.0,102.11,2.5,0.0,0.75
2161946,2161946,2,1.0,18.11,2.0,230,132,1,70.0,0.0,0.5,0.0,6.94,1.0,81.69,2.5,0.0,0.75
2162023,2162023,2,1.0,16.98,2.0,230,132,1,70.0,0.0,0.5,16.34,6.94,1.0,98.03,2.5,0.0,0.75
2162725,2162725,2,2.0,16.84,2.0,230,132,1,70.0,0.0,0.5,17.19,11.19,1.0,103.13,2.5,0.0,0.75
2162851,2162851,2,1.0,17.2,2.0,230,132,2,70.0,0.0,0.5,0.0,6.94,1.0,81.69,2.5,0.0,0.75
2162996,2162996,2,2.0,17.93,2.0,230,132,1,70.0,0.0,0.5,16.34,6.94,1.0,98.03,2.5,0.0,0.75
2163016,2163016,2,2.0,17.7,2.0,230,132,2,-70.0,0.0,-0.5,0.0,0.0,-1.0,-74.75,-2.5,0.0,-0.75
2163017,2163017,2,2.0,17.7,2.0,230,132,2,70.0,0.0,0.5,0.0,0.0,1.0,74.75,2.5,0.0,0.75
2163305,2163305,2,2.0,53.78,2.0,230,132,1,70.0,0.0,0.5,0.0,6.94,1.0,81.69,2.5,0.0,0.75
2164026,2164026,1,3.0,22.0,2.0,230,132,1,70.0,3.25,0.5,16.35,6.94,1.0,98.04,2.5,0.0,0.75
2164105,2164105,2,3.0,17.27,2.0,230,132,1,70.0,0.0,0.5,16.34,6.94,1.0,98.03,2.5,0.0,0.75
2164971,2164971,2,2.0,17.66,2.0,230,132,2,70.0,0.0,0.5,0.0,6.94,1.0,81.69,2.5,0.0,0.75
2165992,2165992,2,2.0,18.19,2.0,230,132,1,70.0,0.0,0.5,9.8,6.94,1.0,91.49,2.5,0.0,0.75
2167551,2167551,1,0.0,16.8,2.0,230,132,1,70.0,3.25,0.5,16.3,6.94,1.0,97.99,2.5,0.0,0.75
2168993,2168993,2,1.0,17.46,2.0,230,132,1,70.0,0.0,0.5,24.51,6.94,1.0,106.2,2.5,0.0,0.75
2169322,2169322,2,2.0,18.71,2.0,230,132,2,70.0,0.0,0.5,0.0,6.94,1.0,81.69,2.5,0.0,0.75
2169393,2169393,2,2.0,17.29,2.0,230,132,1,70.0,0.0,0.5,22.43,0.0,1.0,97.18,2.5,0.0,0.75
2169677,2169677,2,1.0,17.59,2.0,230,132,1,70.0,0.0,0.5,0.0,6.94,1.0,81.69,2.5,0.0,0.75
2170142,2170142,2,1.0,18.46,2.0,230,132,1,70.0,0.0,0.5,16.34,6.94,1.0,98.03,2.5,0.0,0.75
2170181,2170181,2,2.0,17.0,2.0,230,132,2,70.0,0.0,0.5,0.0,6.94,1.0,81.69,2.5,0.0,0.75
2170918,2170918,2,3.0,18.14,2.0,230,132,1,70.0,0.0,0.5,16.34,6.94,1.0,98.03,2.5,0.0,0.75
2171453,2171453,2,1.0,17.85,2.0,230,132,2,70.0,0.0,0.5,0.0,6.94,1.0,83.44,2.5,1.75,0.75
2171579,2171579,1,1.0,17.8,2.0,230,132,1,70.0,3.25,0.5,16.35,6.94,1.0,98.04,2.5,0.0,0.75
2171952,2171952,2,1.0,17.1,2.0,230,132,1,70.0,0.0,0.5,16.34,6.94,1.0,98.03,2.5,0.0,0.75
2172946,2172946,2,2.0,15.46,5.0,230,132,2,85.0,0.0,0.0,0.0,0.0,1.0,89.25,2.5,0.0,0.75
2177229,2177229,2,2.0,17.16,2.0,230,132,1,70.0,0.0,0.5,0.0,0.0,1.0,74.75,2.5,0.0,0.75
2177431,2177431,1,1.0,18.3,2.0,230,132,1,70.0,3.25,0.5,16.35,6.94,1.0,98.04,2.5,0.0,0.75
2178591,2178591,2,1.0,16.02,2.0,230,132,1,70.0,0.0,0.5,15.0,6.94,1.0,96.69,2.5,0.0,0.75
2179524,2179524,1,1.0,17.1,2.0,230,132,1,70.0,3.25,0.5,0.0,6.94,1.0,81.69,2.5,0.0,0.75
2180116,2180116,1,2.0,17.3,5.0,230,132,1,86.0,0.75,0.0,0.0,0.0,1.0,87.75,0.0,0.0,0.75
2180494,2180494,2,2.0,19.8,2.0,230,132,1,70.0,0.0,0.5,10.0,6.94,1.0,91.69,2.5,0.0,0.75
2182185,2182185,1,1.0,16.7,2.0,230,132,1,70.0,3.25,0.5,12.31,6.94,1.0,94.0,2.5,0.0,0.75
2182864,2182864,1,1.0,14.7,5.0,230,132,1,87.0,0.75,0.0,17.75,0.0,1.0,106.5,0.0,0.0,0.75
2183157,2183157,2,2.0,16.49,2.0,230,132,1,70.0,0.0,0.5,16.34,6.94,1.0,98.03,2.5,0.0,0.75
2183493,2183493,2,2.0,19.08,2.0,230,132,2,70.0,0.0,0.5,0.0,6.94,1.0,81.69,2.5,0.0,0.75
2183600,2183600,2,2.0,20.31,2.0,230,132,1,70.0,0.0,0.5,6.94,0.0,1.0,81.69,2.5,0.0,0.75
2183632,2183632,2,2.0,18.46,2.0,230,132,2,70.0,0.0,0.5,0.0,6.94,1.0,81.69,2.5,0.0,0.75
2183771,2183771,2,1.0,17.98,2.0,230,132,1,70.0,0.0,0.5,8.0,6.94,1.0,89.69,2.5,0.0,0.75
2183880,2183880,2,2.0,16.33,2.0,230,132,1,70.0,0.0,0.5,10.0,0.0,1.0,84.75,2.5,0.0,0.75
2184600,2184600,2,1.0,0.0,2.0,230,132,1,70.0,0.0,0.5,3.0,6.94,1.0,84.69,2.5,0.0,0.75
2185227,2185227,2,4.0,19.41,2.0,230,132,1,70.0,0.0,0.5,12.0,6.94,1.0,93.69,2.5,0.0,0.75
2185766,2185766,2,1.0,16.27,2.0,230,132,2,70.0,0.0,0.5,0.0,6.94,1.0,81.69,2.5,0.0,0.75
2186232,2186232,2,4.0,19.52,2.0,230,132,1,70.0,0.0,0.5,10.0,0.0,1.0,84.75,2.5,0.0,0.75
2187600,2187600,2,2.0,16.97,2.0,230,132,1,70.0,0.0,0.5,15.0,6.94,1.0,96.69,2.5,0.0,0.75
2188308,2188308,2,2.0,17.26,2.0,230,132,2,70.0,0.0,0.5,0.0,6.94,1.0,84.19,2.5,0.0,0.75
2188388,2188388,2,4.0,17.14,5.0,230,132,1,85.0,0.0,0.0,17.85,0.0,1.0,107.1,2.5,0.0,0.75
2189430,2189430,2,2.0,18.69,2.0,230,132,1,70.0,0.0,0.5,16.34,6.94,1.0,98.03,2.5,0.0,0.75
2190395,2190395,2,2.0,17.59,2.0,230,132,1,70.0,0.0,0.5,14.95,0.0,1.0,89.7,2.5,0.0,0.75
2191510,2191510,2,2.0,17.95,2.0,230,132,1,70.0,0.0,0.5,16.34,6.94,1.0,98.03,2.5,0.0,0.75
2192269,2192269,1,2.0,19.8,2.0,230,132,2,70.0,3.25,0.5,0.0,0.0,1.0,74.75,2.5,0.0,0.75
2193053,2193053,2,2.0,18.03,2.0,230,132,1,70.0,0.0,0.5,15.3,1.75,1.0,91.8,2.5,0.0,0.75
2193641,2193641,2,1.0,17.52,2.0,230,132,1,70.0,0.0,0.5,16.34,6.94,1.0,98.03,2.5,0.0,0.75
2193859,2193859,2,2.0,15.11,5.0,230,132,1,87.0,0.0,0.0,9.82,7.0,1.0,108.07,2.5,0.0,0.75
2194048,2194048,2,3.0,18.03,2.0,230,132,1,70.0,0.0,0.5,16.34,6.94,1.0,98.03,2.5,0.0,0.75
2194187,2194187,2,1.0,17.29,2.0,230,132,1,70.0,0.0,0.5,18.69,0.0,1.0,93.44,2.5,0.0,0.75
2194416,2194416,2,1.0,17.66,2.0,230,132,1,70.0,0.0,0.5,18.16,16.06,1.0,108.97,2.5,0.0,0.75
2194820,2194820,1,1.0,17.0,5.0,230,132,1,85.0,0.75,0.0,23.4,6.94,1.0,117.09,0.0,0.0,0.75
2194848,2194848,2,1.0,15.56,5.0,230,132,1,89.0,0.0,0.0,20.04,6.94,1.0,120.23,2.5,0.0,0.75
2195526,2195526,1,2.0,17.1,2.0,230,132,1,70.0,3.25,0.5,2.0,6.94,1.0,83.69,2.5,0.0,0.75
2195980,2195980,2,2.0,16.61,2.0,230,132,1,70.0,0.0,0.5,20.42,6.94,1.0,102.11,2.5,0.0,0.75
2196366,2196366,2,2.0,17.97,2.0,230,132,1,70.0,0.0,0.5,16.34,6.94,1.0,98.03,2.5,0.0,0.75
2197985,2197985,1,1.0,17.2,2.0,230,132,1,70.0,3.25,0.5,20.4,6.94,1.0,102.09,2.5,0.0,0.75
2198155,2198155,1,1.0,17.4,5.0,230,132,2,0.01,0.75,0.0,0.0,0.0,1.0,1.76,0.0,0.0,0.75
2199736,2199736,2,3.0,16.9,2.0,230,132,1,70.0,0.0,0.5,15.0,6.94,1.0,96.69,2.5,0.0,0.75
2199789,2199789,2,1.0,18.55,2.0,230,132,1,70.0,0.0,0.5,14.95,0.0,1.0,89.7,2.5,0.0,0.75
2200844,2200844,2,2.0,18.94,2.0,230,132,1,70.0,0.0,0.5,10.0,6.94,1.0,91.69,2.5,0.0,0.75
2201098,2201098,2,3.0,17.08,2.0,230,132,2,70.0,0.0,0.5,0.0,6.94,1.0,81.69,2.5,0.0,0.75
2201844,2201844,2,1.0,17.63,2.0,230,132,1,70.0,0.0,0.5,18.69,0.0,1.0,93.44,2.5,0.0,0.75
2202040,2202040,2,1.0,20.79,5.0,230,132,2,85.0,0.0,0.0,0.0,6.94,1.0,96.19,2.5,0.0,0.75
2202146,2202146,1,1.0,16.8,2.0,230,132,1,70.0,3.25,0.5,14.95,0.0,1.0,89.7,2.5,0.0,0.75
2202379,2202379,2,1.0,16.26,2.0,230,132,1,70.0,0.0,0.5,8.0,6.94,1.0,89.69,2.5,0.0,0.75
2204992,2204992,2,2.0,16.42,2.0,230,132,1,70.0,0.0,0.5,14.95,0.0,1.0,89.7,2.5,0.0,0.75
2205296,2205296,2,1.0,18.34,2.0,230,132,1,70.0,0.0,0.5,16.34,6.94,1.0,98.03,2.5,0.0,0.75
2206282,2206282,2,3.0,17.27,2.0,230,132,2,70.0,0.0,0.5,0.0,6.94,1.0,84.19,2.5,0.0,0.75
2206953,2206953,2,1.0,15.92,2.0,230,132,1,70.0,0.0,0.5,16.34,6.94,1.0,98.03,2.5,0.0,0.75
2207738,2207738,2,2.0,17.07,2.0,230,132,2,70.0,0.0,0.5,0.0,6.94,1.0,81.69,2.5,0.0,0.75
2208764,2208764,2,1.0,14.47,2.0,230,132,1,70.0,0.0,0.5,16.34,6.94,1.0,98.03,2.5,0.0,0.75
2209290,2209290,2,1.0,17.74,2.0,230,132,1,70.0,0.0,0.5,16.34,6.94,1.0,98.03,2.5,0.0,0.75
2211554,2211554,2,4.0,17.3,2.0,230,132,1,70.0,0.0,0.5,16.34,6.94,1.0,98.03,2.5,0.0,0.75
2212434,2212434,2,3.0,16.68,2.0,230,132,1,70.0,0.0,0.5,5.0,6.94,1.0,86.69,2.5,0.0,0.75
2212658,2212658,1,1.0,17.3,2.0,230,132,1,70.0,3.25,0.5,5.0,6.94,1.0,86.69,2.5,0.0,0.75
2213327,2213327,2,2.0,17.29,2.0,230,132,1,70.0,0.0,0.5,16.34,6.94,1.0,98.03,2.5,0.0,0.75
2214029,2214029,1,1.0,16.7,2.0,230,132,1,70.0,3.25,0.5,16.35,6.94,1.0,98.04,2.5,0.0,0.75
2218526,2218526,2,2.0,17.56,2.0,230,132,1,70.0,0.0,0.5,16.34,6.94,1.0,98.03,2.5,0.0,0.75
2221085,2221085,2,1.0,16.83,2.0,230,132,1,70.0,0.0,0.5,7.5,0.0,1.0,82.25,2.5,0.0,0.75
2221445,2221445,2,4.0,17.23,2.0,230,132,1,70.0,0.0,0.5,14.95,0.0,1.0,89.7,2.5,0.0,0.75
2229772,2229772,2,1.0,17.5,2.0,230,132,2,70.0,0.0,0.5,0.0,6.94,1.0,81.69,2.5,0.0,0.75
2238743,2238743,2,1.0,17.89,2.0,230,132,1,70.0,0.0,0.5,16.34,6.94,1.0,98.03,2.5,0.0,0.75
2238770,2238770,2,1.0,16.7,2.0,230,132,2,70.0,0.0,0.5,0.0,6.94,1.0,81.69,2.5,0.0,0.75
2239018,2239018,2,4.0,17.54,2.0,230,132,1,70.0,0.0,0.5,16.34,6.94,1.0,98.03,2.5,0.0,0.75
2239310,2239310,2,2.0,17.14,2.0,230,132,1,70.0,0.0,0.5,16.34,6.94,1.0,98.03,2.5,0.0,0.75
2239721,2239721,2,1.0,17.23,2.0,230,132,1,70.0,0.0,0.5,16.34,6.94,1.0,98.03,2.5,0.0,0.75
2239799,2239799,2,2.0,19.05,5.0,230,132,1,85.0,0.0,0.0,9.81,6.94,1.0,106.0,2.5,0.0,0.75
2241051,2241051,2,1.0,17.17,2.0,230,132,1,70.0,0.0,0.5,16.34,6.94,1.0,98.03,2.5,0.0,0.75
2241289,2241289,1,1.0,16.7,2.0,230,132,1,70.0,3.25,0.5,16.35,6.94,1.0,98.04,2.5,0.0,0.75
2245227,2245227,2,2.0,17.42,2.0,230,132,1,70.0,0.0,0.5,8.0,6.94,1.0,89.69,2.5,0.0,0.75
2245740,2245740,1,2.0,17.6,2.0,230,132,1,70.0,3.25,0.5,12.0,6.94,1.0,93.69,2.5,0.0,0.75
2245812,2245812,2,3.0,17.88,2.0,230,132,1,70.0,0.0,0.5,35.0,6.94,1.0,116.69,2.5,0.0,0.75
2246305,2246305,2,1.0,18.32,2.0,230,132,1,70.0,0.0,0.5,0.0,6.94,1.0,81.69,2.5,0.0,0.75
2246862,2246862,2,2.0,18.47,2.0,230,132,2,70.0,0.0,0.5,0.0,6.94,1.0,81.69,2.5,0.0,0.75
2249338,2249338,1,1.0,21.8,2.0,230,132,2,70.0,3.25,0.5,0.0,6.94,1.0,81.69,2.5,0.0,0.75
2251164,2251164,1,1.0,17.7,2.0,230,132,2,70.0,3.25,0.5,0.0,6.94,1.0,81.69,2.5,0.0,0.75
2251175,2251175,2,2.0,17.12,2.0,230,132,1,70.0,0.0,0.5,21.05,6.94,1.0,105.24,2.5,0.0,0.75
2253117,2253117,2,2.0,16.49,2.0,230,132,1,70.0,0.0,0.5,14.95,0.0,1.0,89.7,2.5,0.0,0.75
2256624,2256624,2,1.0,15.3,2.0,230,132,1,70.0,0.0,0.5,0.0,6.94,1.0,81.69,2.5,0.0,0.75
2257144,2257144,2,2.0,16.87,2.0,230,132,1,70.0,0.0,0.5,10.0,6.94,1.0,91.69,2.5,0.0,0.75
2257784,2257784,2,2.0,16.57,2.0,230,132,1,70.0,0.0,0.5,16.34,6.94,1.0,98.03,2.5,0.0,0.75
2258718,2258718,2,2.0,21.44,2.0,230,132,1,70.0,0.0,0.5,20.42,6.94,1.0,102.11,2.5,0.0,0.75
2262237,2262237,2,1.0,17.2,2.0,230,132,1,70.0,0.0,0.5,16.34,6.94,1.0,98.03,2.5,0.0,0.75
2263105,2263105,2,2.0,19.53,2.0,230,132,4,-70.0,0.0,-0.5,0.0,-6.94,-1.0,-81.69,-2.5,0.0,-0.75
2263106,2263106,2,2.0,19.53,2.0,230,132,4,70.0,0.0,0.5,0.0,6.94,1.0,81.69,2.5,0.0,0.75
2263209,2263209,2,2.0,17.49,2.0,230,132,1,70.0,0.0,0.5,14.95,0.0,1.0,89.7,2.5,0.0,0.75
2263579,2263579,1,1.0,17.1,2.0,230,132,1,70.0,3.25,0.5,16.35,6.94,1.0,98.04,2.5,0.0,0.75
2263621,2263621,2,2.0,31.84,2.0,230,132,2,70.0,0.0,0.5,0.0,6.94,1.0,81.69,2.5,0.0,0.75
2265598,2265598,2,1.0,16.8,2.0,230,132,2,70.0,0.0,0.5,0.0,6.94,1.0,81.69,2.5,0.0,0.75
2267055,2267055,2,4.0,17.28,2.0,230,132,2,70.0,0.0,0.5,0.0,6.94,1.0,81.69,2.5,0.0,0.75
2267335,2267335,2,1.0,16.11,2.0,230,132,1,70.0,0.0,0.5,16.34,6.94,1.0,98.03,2.5,0.0,0.75
2272511,2272511,2,1.0,16.86,5.0,230,132,1,90.0,0.0,0.0,21.79,14.69,1.0,130.73,2.5,0.0,0.75
2272619,2272619,2,1.0,16.09,2.0,230,132,1,70.0,0.0,0.5,16.34,6.94,1.0,98.03,2.5,0.0,0.75
2273176,2273176,1,1.0,17.0,2.0,230,132,1,70.0,3.25,0.5,16.35,6.94,1.0,98.04,2.5,0.0,0.75
2273979,2273979,2,2.0,23.36,2.0,230,132,2,70.0,0.0,0.5,0.0,6.94,1.0,81.69,2.5,0.0,0.75
2274001,2274001,2,1.0,17.75,2.0,230,132,2,70.0,0.0,0.5,0.0,6.94,1.0,81.69,2.5,0.0,0.75
2276613,2276613,1,1.0,16.3,2.0,230,132,1,70.0,3.25,0.5,16.35,6.94,1.0,98.04,2.5,0.0,0.75
2277591,2277591,2,4.0,28.43,2.0,230,132,2,70.0,0.0,0.5,0.0,6.94,1.0,81.69,2.5,0.0,0.75
2279225,2279225,2,2.0,15.35,5.0,230,132,4,-87.0,0.0,0.0,0.0,-6.94,-1.0,-98.19,-2.5,0.0,-0.75
2279466,2279466,2,2.0,16.91,2.0,230,132,4,-70.0,0.0,-0.5,0.0,-6.94,-1.0,-81.69,-2.5,0.0,-0.75
2279467,2279467,2,2.0,16.91,2.0,230,132,4,70.0,0.0,0.5,0.0,6.94,1.0,81.69,2.5,0.0,0.75
2279809,2279809,2,1.0,16.75,2.0,230,132,1,70.0,0.0,0.5,16.34,6.94,1.0,98.03,2.5,0.0,0.75
2281202,2281202,1,1.0,15.9,2.0,230,132,1,70.0,3.25,0.5,20.4,6.94,1.0,102.09,2.5,0.0,0.75
2281959,2281959,2,2.0,17.02,2.0,230,132,1,70.0,0.0,0.5,8.5,6.94,1.0,90.19,2.5,0.0,0.75
2282168,2282168,2,2.0,15.96,2.0,230,132,1,70.0,0.0,0.5,16.34,6.94,1.0,98.03,2.5,0.0,0.75
2284227,2284227,2,1.0,21.89,1.0,230,132,2,105.2,0.0,0.5,0.0,6.94,1.0,118.64,2.5,1.75,0.75
2284568,2284568,2,1.0,17.3,2.0,230,132,1,70.0,0.0,0.5,16.34,6.94,1.0,98.03,2.5,0.0,0.75
2285147,2285147,2,2.0,17.46,2.0,230,132,1,70.0,0.0,0.5,16.34,6.94,1.0,98.03,2.5,0.0,0.75
2287284,2287284,2,1.0,18.98,2.0,230,132,1,70.0,5.0,0.5,17.34,6.94,1.0,104.03,2.5,0.0,0.75
2289496,2289496,2,1.0,16.61,2.0,230,132,1,70.0,5.0,0.5,21.48,6.94,1.0,108.17,2.5,0.0,0.75
2290930,2290930,2,1.0,17.92,2.0,230,132,1,70.0,5.0,0.5,17.34,6.94,1.0,104.03,2.5,0.0,0.75
2291498,2291498,2,2.0,17.46,2.0,230,132,1,70.0,5.0,0.5,0.0,6.94,1.0,86.69,2.5,0.0,0.75
2293484,2293484,1,1.0,17.3,2.0,230,132,1,70.0,8.25,0.5,10.0,6.94,1.0,96.69,2.5,0.0,0.75
2293968,2293968,2,2.0,17.24,2.0,230,132,1,70.0,5.0,0.5,26.01,6.94,1.0,112.7,2.5,0.0,0.75
2295482,2295482,1,1.0,17.1,2.0,230,132,1,70.0,8.25,0.5,21.65,6.94,1.0,108.34,2.5,0.0,0.75
2296544,2296544,2,2.0,16.99,2.0,230,132,2,70.0,5.0,0.5,0.0,6.94,1.0,86.69,2.5,0.0,0.75
2299708,2299708,2,1.0,17.87,2.0,230,132,1,70.0,5.0,0.5,17.34,6.94,1.0,104.03,2.5,0.0,0.75
2300050,2300050,1,1.0,17.9,2.0,230,132,1,70.0,8.25,0.5,15.95,0.0,1.0,95.7,2.5,0.0,0.75
2301381,2301381,2,3.0,16.62,2.0,230,132,1,70.0,5.0,0.5,0.0,6.94,1.0,86.69,2.5,0.0,0.75
2320612,2320612,2,2.0,17.53,2.0,230,132,1,70.0,0.0,0.5,14.95,0.0,1.0,89.7,2.5,0.0,0.75
2331562,2331562,2,2.0,16.71,2.0,230,132,2,70.0,0.0,0.5,0.0,6.94,1.0,81.69,2.5,0.0,0.75
2332195,2332195,2,1.0,16.79,2.0,230,132,2,70.0,0.0,0.5,0.0,6.94,1.0,81.69,2.5,0.0,0.75
2332258,2332258,2,2.0,17.05,2.0,230,132,1,70.0,0.0,0.5,20.42,6.94,1.0,102.11,2.5,0.0,0.75
2332328,2332328,2,1.0,17.37,2.0,230,132,2,70.0,0.0,0.5,0.0,6.94,1.0,81.69,2.5,0.0,0.75
2332536,2332536,1,1.0,16.7,2.0,230,132,1,70.0,3.25,0.5,16.35,6.94,1.0,98.04,2.5,0.0,0.75
2332700,2332700,2,2.0,17.59,2.0,230,132,1,70.0,0.0,0.5,16.34,6.94,1.0,98.03,2.5,0.0,0.75
2333007,2333007,2,1.0,17.28,5.0,230,132,1,81.0,0.0,0.0,17.05,0.0,1.0,102.3,2.5,0.0,0.75
2333072,2333072,2,1.0,17.74,2.0,230,132,1,70.0,0.0,0.5,16.34,6.94,1.0,98.03,2.5,0.0,0.75
2333314,2333314,2,4.0,17.2,2.0,230,132,1,70.0,0.0,0.5,16.34,6.94,1.0,98.03,2.5,0.0,0.75
2336111,2336111,2,2.0,17.76,2.0,230,132,1,70.0,0.0,0.5,14.95,0.0,1.0,89.7,2.5,0.0,0.75
2336956,2336956,2,2.0,17.36,2.0,230,132,1,70.0,0.0,0.5,16.34,6.94,1.0,98.03,2.5,0.0,0.75
2337823,2337823,2,2.0,18.05,2.0,230,132,1,70.0,0.0,0.5,16.34,6.94,1.0,98.03,2.5,0.0,0.75
2338121,2338121,2,1.0,21.01,2.0,230,132,1,70.0,0.0,0.5,20.42,6.94,1.0,102.11,2.5,0.0,0.75
2343506,2343506,2,2.0,18.89,2.0,230,132,1,70.0,0.0,0.5,25.0,0.0,1.0,99.75,2.5,0.0,0.75
2345052,2345052,2,2.0,17.56,2.0,230,132,1,70.0,0.0,0.5,16.34,6.94,1.0,98.03,2.5,0.0,0.75
2346382,2346382,2,1.0,22.07,2.0,230,132,1,70.0,0.0,0.5,16.34,6.94,1.0,98.03,2.5,0.0,0.75
2349833,2349833,2,2.0,16.24,5.0,230,132,1,85.0,0.0,0.0,0.0,6.94,1.0,96.19,2.5,0.0,0.75
2350182,2350182,1,1.0,27.9,2.0,230,132,1,70.0,3.25,0.5,7.0,6.94,1.0,88.69,2.5,0.0,0.75
2354883,2354883,2,4.0,17.79,2.0,230,132,1,70.0,0.0,0.5,16.34,6.94,1.0,98.03,2.5,0.0,0.75
2357748,2357748,2,2.0,16.79,2.0,230,132,2,70.0,0.0,0.5,0.0,6.94,1.0,81.69,2.5,0.0,0.75
2358221,2358221,2,2.0,15.77,5.0,230,132,1,82.0,0.0,0.0,10.0,0.0,1.0,96.25,2.5,0.0,0.75
2359378,2359378,2,1.0,18.14,1.0,230,132,2,90.5,0.0,0.5,0.0,6.94,1.0,102.19,2.5,0.0,0.75
2359404,2359404,2,3.0,17.03,2.0,230,132,2,70.0,0.0,0.5,0.0,6.94,1.0,81.69,2.5,0.0,0.75
2359650,2359650,2,2.0,17.31,2.0,230,132,1,70.0,0.0,0.5,20.42,6.94,1.0,102.11,2.5,0.0,0.75
2360967,2360967,2,4.0,17.02,2.0,230,132,1,70.0,0.0,0.5,16.34,6.94,1.0,98.03,2.5,0.0,0.75
2365104,2365104,1,1.0,19.3,2.0,230,132,1,70.0,3.25,0.5,20.4,6.94,1.0,102.09,2.5,0.0,0.75
2366052,2366052,2,4.0,16.4,5.0,230,132,1,80.0,0.0,0.0,16.85,0.0,1.0,101.1,2.5,0.0,0.75
2368239,2368239,2,1.0,17.8,2.0,230,132,1,70.0,0.0,0.5,16.34,6.94,1.0,98.03,2.5,0.0,0.75
2368245,2368245,2,1.0,17.36,2.0,230,132,2,70.0,0.0,0.5,0.0,6.94,1.0,81.69,2.5,0.0,0.75
2371310,2371310,2,1.0,17.27,2.0,230,132,1,70.0,0.0,0.5,16.34,6.94,1.0,98.03,2.5,0.0,0.75
2372027,2372027,2,4.0,17.09,2.0,230,132,2,70.0,0.0,0.5,0.0,6.94,1.0,81.69,2.5,0.0,0.75
2373324,2373324,2,2.0,17.44,2.0,230,132,1,70.0,0.0,0.5,5.0,6.94,1.0,86.69,2.5,0.0,0.75
2375891,2375891,2,4.0,14.91,5.0,230,132,1,83.0,0.0,0.0,23.55,6.94,1.0,117.74,2.5,0.0,0.75
2376466,2376466,2,1.0,19.25,2.0,230,132,1,70.0,0.0,0.5,22.43,0.0,1.0,97.18,2.5,0.0,0.75
2377647,2377647,2,1.0,22.67,2.0,230,132,1,70.0,0.0,0.5,24.51,6.94,1.0,106.2,2.5,0.0,0.75
2377752,2377752,2,4.0,16.66,2.0,230,132,1,70.0,0.0,0.5,0.0,6.94,1.0,81.69,2.5,0.0,0.75
2377946,2377946,2,4.0,17.26,2.0,230,132,1,70.0,0.0,0.5,18.69,0.0,1.0,93.44,2.5,0.0,0.75
2379611,2379611,2,1.0,17.58,2.0,230,132,1,70.0,5.0,0.5,17.34,6.94,1.0,104.03,2.5,0.0,0.75
2383177,2383177,2,2.0,18.25,2.0,230,132,1,70.0,5.0,0.5,0.1,6.94,1.0,86.79,2.5,0.0,0.75
2383225,2383225,2,2.0,15.53,2.0,230,132,1,70.0,5.0,0.5,16.59,3.18,1.0,99.52,2.5,0.0,0.75
2383634,2383634,2,1.0,17.6,2.0,230,132,1,70.0,5.0,0.5,15.95,0.0,1.0,95.7,2.5,0.0,0.75
2383969,2383969,2,2.0,15.71,5.0,230,132,4,-87.0,0.0,0.0,0.0,0.0,-1.0,-91.25,-2.5,0.0,-0.75
2383970,2383970,2,2.0,15.71,5.0,230,132,4,87.0,0.0,0.0,0.0,0.0,1.0,91.25,2.5,0.0,0.75
2384388,2384388,2,1.0,16.95,3.0,230,132,1,118.2,2.5,0.0,25.88,6.94,1.0,155.27,0.0,0.0,0.75
2384484,2384484,2,4.0,23.05,2.0,230,132,2,70.0,5.0,0.5,0.0,6.94,1.0,86.69,2.5,0.0,0.75
2386801,2386801,2,3.0,18.09,2.0,230,132,1,70.0,5.0,0.5,0.0,6.94,1.0,86.69,2.5,0.0,0.75
2387964,2387964,2,1.0,19.15,2.0,230,132,2,70.0,5.0,0.5,0.0,6.94,1.0,86.69,2.5,0.0,0.75
2394683,2394683,2,1.0,17.4,2.0,230,132,2,70.0,5.0,0.5,0.0,6.94,1.0,86.69,2.5,0.0,0.75
2395689,2395689,2,1.0,17.92,2.0,230,132,1,70.0,5.0,0.5,17.34,6.94,1.0,104.03,2.5,0.0,0.75
2398095,2398095,2,1.0,17.64,2.0,230,132,1,70.0,5.0,0.5,17.34,6.94,1.0,104.03,2.5,0.0,0.75
2398207,2398207,2,1.0,18.26,2.0,230,132,1,70.0,5.0,0.5,17.34,6.94,1.0,104.03,2.5,0.0,0.75
2402178,2402178,2,1.0,17.48,2.0,230,132,1,70.0,5.0,0.5,17.84,6.94,1.0,107.03,2.5,0.0,0.75
2414450,2414450,2,1.0,17.04,2.0,230,132,2,70.0,0.0,0.5,0.0,0.0,1.0,74.75,2.5,0.0,0.75
2426106,2426106,2,2.0,17.01,2.0,230,132,1,70.0,0.0,0.5,16.34,6.94,1.0,98.03,2.5,0.0,0.75
2426363,2426363,2,1.0,16.91,2.0,230,132,1,70.0,0.0,0.5,16.34,6.94,1.0,98.03,2.5,0.0,0.75
2426652,2426652,1,1.0,17.1,5.0,230,132,1,84.0,0.75,0.0,0.0,0.0,1.0,85.75,0.0,0.0,0.75
2426967,2426967,1,1.0,17.2,2.0,230,132,1,70.0,3.25,0.5,16.35,6.94,1.0,98.04,2.5,0.0,0.75
2427053,2427053,2,2.0,17.58,2.0,230,132,2,70.0,0.0,0.5,0.0,6.94,1.0,81.69,2.5,0.0,0.75
2427505,2427505,2,1.0,16.61,2.0,230,132,1,70.0,0.0,0.5,14.95,0.0,1.0,89.7,2.5,0.0,0.75
2427881,2427881,2,1.0,18.23,2.0,230,132,1,70.0,0.0,0.5,20.42,6.94,1.0,102.11,2.5,0.0,0.75
2428245,2428245,2,1.0,17.85,3.0,230,132,1,93.7,0.0,0.0,19.09,0.0,1.0,114.54,0.0,0.0,0.75
2428653,2428653,2,1.0,16.71,2.0,230,132,1,70.0,0.0,0.5,16.34,6.94,1.0,98.03,2.5,0.0,0.75
2428817,2428817,2,1.0,17.73,2.0,230,132,1,70.0,0.0,0.5,16.34,6.94,1.0,98.03,2.5,0.0,0.75
2430953,2430953,2,1.0,17.25,2.0,230,132,1,70.0,0.0,0.5,16.34,6.94,1.0,98.03,2.5,0.0,0.75
2433555,2433555,2,1.0,24.27,2.0,230,132,1,70.0,0.0,0.5,16.34,6.94,1.0,98.03,2.5,0.0,0.75
2433770,2433770,1,1.0,16.6,2.0,230,132,1,70.0,3.25,0.5,16.35,6.94,1.0,98.04,2.5,0.0,0.75
2434944,2434944,2,2.0,15.18,2.0,230,132,2,70.0,0.0,0.5,0.0,6.94,1.0,81.69,2.5,0.0,0.75
2437458,2437458,2,2.0,16.41,2.0,230,132,1,70.0,0.0,0.5,16.34,6.94,1.0,98.03,2.5,0.0,0.75
2443789,2443789,2,1.0,18.3,2.0,230,132,1,70.0,0.0,0.5,10.0,13.88,1.0,98.63,2.5,0.0,0.75
2447093,2447093,2,3.0,17.72,2.0,230,132,1,70.0,0.0,0.5,20.42,6.94,1.0,102.11,2.5,0.0,0.75
2447857,2447857,2,2.0,17.13,2.0,230,132,1,70.0,0.0,0.5,5.0,6.94,1.0,86.69,2.5,0.0,0.75
2449123,2449123,2,2.0,17.91,2.0,230,132,1,70.0,0.0,0.5,16.34,6.94,1.0,98.03,2.5,0.0,0.75
2449145,2449145,2,4.0,17.04,2.0,230,132,2,70.0,0.0,0.5,0.0,6.94,1.0,81.69,2.5,0.0,0.75
2449961,2449961,2,3.0,17.78,2.0,230,132,1,70.0,0.0,0.5,16.34,6.94,1.0,98.03,2.5,0.0,0.75
2450416,2450416,2,1.0,16.85,2.0,230,132,1,70.0,0.0,0.5,16.34,6.94,1.0,98.03,2.5,0.0,0.75
2451895,2451895,2,1.0,21.35,2.0,230,132,1,70.0,0.0,0.5,20.42,6.94,1.0,102.11,2.5,0.0,0.75
2453567,2453567,7,1.0,16.74,2.0,230,132,1,70.0,0.0,0.5,16.34,6.94,1.0,98.03,2.5,0.0,0.75
2453888,2453888,2,2.0,18.6,2.0,230,132,2,70.0,0.0,0.5,0.0,6.94,1.0,81.69,2.5,0.0,0.75
2454100,2454100,2,1.0,16.86,2.0,230,132,1,70.0,0.0,0.5,10.08,6.94,1.0,91.77,2.5,0.0,0.75
2454846,2454846,2,1.0,16.25,2.0,230,132,1,70.0,0.0,0.5,24.51,6.94,1.0,106.2,2.5,0.0,0.75
2454884,2454884,2,1.0,17.11,2.0,230,132,2,70.0,0.0,0.5,0.0,6.94,1.0,81.69,2.5,0.0,0.75
2456699,2456699,2,2.0,18.72,2.0,230,132,1,70.0,0.0,0.5,16.34,6.94,1.0,98.03,2.5,0.0,0.75
2457491,2457491,2,1.0,16.61,2.0,230,132,1,70.0,0.0,0.5,0.0,6.94,1.0,81.69,2.5,0.0,0.75
2457605,2457605,1,1.0,17.0,2.0,230,132,1,70.0,3.25,0.5,16.35,6.94,1.0,98.04,2.5,0.0,0.75
2458461,2458461,2,1.0,26.95,2.0,230,132,1,70.0,0.0,0.5,16.34,6.94,1.0,98.03,2.5,0.0,0.75
2460575,2460575,2,2.0,15.51,2.0,230,132,1,70.0,0.0,0.5,18.69,0.0,1.0,93.44,2.5,0.0,0.75
2462551,2462551,2,1.0,15.78,2.0,230,132,1,70.0,0.0,0.5,16.34,6.94,1.0,98.03,2.5,0.0,0.75
2462575,2462575,2,3.0,16.43,5.0,230,132,1,85.0,0.0,0.0,20.0,6.94,1.0,116.19,2.5,0.0,0.75
2463200,2463200,2,2.0,17.26,2.0,230,132,4,-70.0,0.0,-0.5,0.0,-6.94,-1.0,-81.69,-2.5,0.0,-0.75
2463201,2463201,2,2.0,17.26,2.0,230,132,4,70.0,0.0,0.5,0.0,6.94,1.0,81.69,2.5,0.0,0.75
2463725,2463725,2,1.0,16.55,2.0,230,132,1,70.0,0.0,0.5,10.0,6.94,1.0,91.69,2.5,0.0,0.75
2465656,2465656,2,1.0,17.2,2.0,230,132,1,70.0,0.0,0.5,16.34,6.94,1.0,98.03,2.5,0.0,0.75
2467784,2467784,2,1.0,28.14,2.0,230,132,2,70.0,0.0,0.5,0.0,6.94,1.0,81.69,2.5,0.0,0.75
2468967,2468967,2,2.0,17.17,2.0,230,132,1,70.0,0.0,0.5,16.34,6.94,1.0,98.03,2.5,0.0,0.75
2469483,2469483,2,2.0,17.64,2.0,230,132,4,-70.0,0.0,-0.5,0.0,-10.12,-1.0,-84.87,-2.5,0.0,-0.75
2469484,2469484,2,2.0,17.64,2.0,230,132,4,70.0,0.0,0.5,0.0,10.12,1.0,84.87,2.5,0.0,0.75
2469725,2469725,2,1.0,17.67,2.0,230,132,1,70.0,0.0,0.5,0.0,6.94,1.0,81.69,2.5,0.0,0.75
2470124,2470124,1,1.0,18.7,2.0,230,132,1,70.0,3.25,0.5,20.4,6.94,1.0,102.09,2.5,0.0,0.75
2470447,2470447,1,2.0,17.2,2.0,230,132,1,70.0,3.25,0.5,16.35,6.94,1.0,98.04,2.5,0.0,0.75
2472579,2472579,2,1.0,19.45,2.0,230,132,1,70.0,0.0,0.5,16.34,6.94,1.0,98.03,2.5,0.0,0.75
2473245,2473245,1,2.0,18.6,5.0,230,132,1,86.69,0.75,0.0,17.65,0.0,1.0,106.09,0.0,0.0,0.75
2473553,2473553,2,2.0,20.55,2.0,230,132,1,70.0,0.0,0.5,16.34,6.94,1.0,98.03,2.5,0.0,0.75
2473953,2473953,2,1.0,21.21,2.0,230,132,1,70.0,0.0,0.5,0.0,6.94,1.0,81.69,2.5,0.0,0.75
2474018,2474018,2,1.0,17.68,2.0,230,132,1,70.0,0.0,0.5,14.95,0.0,1.0,89.7,2.5,0.0,0.75
2475637,2475637,2,2.0,17.25,2.0,230,132,1,70.0,0.0,0.5,14.95,0.0,1.0,89.7,2.5,0.0,0.75
2478734,2478734,1,1.0,16.8,2.0,230,132,1,70.0,8.25,0.5,8.0,6.94,1.0,94.69,2.5,0.0,0.75
2480558,2480558,2,4.0,16.7,2.0,230,132,1,70.0,5.0,0.5,17.34,6.94,1.0,104.03,2.5,0.0,0.75
2481800,2481800,2,1.0,16.62,2.0,230,132,1,70.0,5.0,0.5,5.0,6.94,1.0,91.69,2.5,0.0,0.75
2483868,2483868,2,2.0,16.98,2.0,230,132,1,70.0,5.0,0.5,10.0,6.94,1.0,96.69,2.5,0.0,0.75
2485088,2485088,2,1.0,17.45,2.0,230,132,1,70.0,5.0,0.5,21.67,6.94,1.0,108.36,2.5,0.0,0.75
2486146,2486146,2,4.0,19.82,2.0,230,132,4,-70.0,-5.0,-0.5,0.0,-6.94,-1.0,-86.69,-2.5,0.0,-0.75
2486147,2486147,2,4.0,19.82,2.0,230,132,4,70.0,5.0,0.5,0.0,6.94,1.0,86.69,2.5,0.0,0.75
2488264,2488264,2,1.0,15.98,2.0,230,132,1,70.0,5.0,0.5,21.67,6.94,1.0,108.36,2.5,0.0,0.75
2491164,2491164,2,3.0,16.99,2.0,230,132,1,70.0,5.0,0.5,21.67,6.94,1.0,108.36,2.5,0.0,0.75
2492168,2492168,2,3.0,17.78,2.0,230,132,2,70.0,5.0,0.5,0.0,6.94,1.0,86.69,2.5,0.0,0.75
2493088,2493088,2,1.0,17.93,2.0,230,132,1,70.0,5.0,0.5,15.0,6.94,1.0,101.69,2.5,0.0,0.75
2494676,2494676,2,4.0,16.35,5.0,230,132,1,84.0,0.0,0.0,11.75,0.0,1.0,100.0,2.5,0.0,0.75
2495069,2495069,2,3.0,17.44,5.0,230,132,1,95.0,0.0,0.0,19.85,0.0,1.0,119.1,2.5,0.0,0.75
2495588,2495588,2,1.0,17.41,2.0,230,132,1,70.0,5.0,0.5,21.67,6.94,1.0,108.36,2.5,0.0,0.75
2496190,2496190,2,2.0,15.45,2.0,230,132,2,70.0,5.0,0.5,0.0,6.94,1.0,86.69,2.5,0.0,0.75
2496502,2496502,2,1.0,16.32,2.0,230,132,1,70.0,5.0,0.5,17.34,6.94,1.0,104.03,2.5,0.0,0.75
2502371,2502371,2,1.0,16.76,2.0,230,132,1,70.0,5.0,0.5,8.67,6.94,1.0,95.36,2.5,0.0,0.75
2504040,2504040,2,1.0,15.74,5.0,230,132,1,87.9,0.0,0.0,0.0,6.94,1.0,99.09,2.5,0.0,0.75
2510203,2510203,2,1.0,16.82,2.0,230,132,1,70.0,0.0,0.5,16.34,6.94,1.0,98.03,2.5,0.0,0.75
2512549,2512549,2,2.0,16.58,5.0,230,132,1,95.0,0.0,0.0,19.85,0.0,1.0,119.1,2.5,0.0,0.75
2518350,2518350,2,1.0,16.81,2.0,230,132,1,70.0,0.0,0.5,16.34,6.94,1.0,98.03,2.5,0.0,0.75
2534084,2534084,2,2.0,16.69,2.0,230,132,2,70.0,0.0,0.5,0.0,6.94,1.0,81.69,2.5,0.0,0.75
2534231,2534231,2,2.0,22.71,2.0,230,132,2,70.0,0.0,0.5,0.0,6.94,1.0,81.69,2.5,0.0,0.75
2534419,2534419,1,1.0,16.6,2.0,230,132,1,70.0,3.25,0.5,14.0,0.0,1.0,88.75,2.5,0.0,0.75
2534475,2534475,1,1.0,17.5,5.0,230,132,1,83.0,0.75,0.0,27.5,6.94,1.0,119.19,0.0,0.0,0.75
2534915,2534915,2,1.0,17.46,2.0,230,132,2,70.0,0.0,0.5,0.0,6.94,1.0,81.69,2.5,0.0,0.75
2535296,2535296,2,1.0,17.07,2.0,230,132,1,70.0,0.0,0.5,24.51,6.94,1.0,106.2,2.5,0.0,0.75
2535954,2535954,2,4.0,18.09,2.0,230,132,1,70.0,0.0,0.5,16.34,6.94,1.0,98.03,2.5,0.0,0.75
2536173,2536173,2,2.0,15.78,2.0,230,132,1,70.0,0.0,0.5,0.0,6.94,1.0,81.69,2.5,0.0,0.75
2536174,2536174,2,2.0,17.44,2.0,230,132,1,70.0,0.0,0.5,16.19,6.94,1.0,97.88,2.5,0.0,0.75
2536383,2536383,1,1.0,16.5,2.0,230,132,1,70.0,3.25,0.5,20.4,6.94,1.0,102.09,2.5,0.0,0.75
2537421,2537421,2,2.0,16.68,2.0,230,132,1,70.0,0.0,0.5,16.34,6.94,1.0,98.03,2.5,0.0,0.75
2537479,2537479,2,1.0,17.16,2.0,230,132,1,70.0,0.0,0.5,0.0,6.94,1.0,81.69,2.5,0.0,0.75
2537609,2537609,2,2.0,17.31,2.0,230,132,2,70.0,0.0,0.5,0.0,6.94,1.0,81.69,2.5,0.0,0.75
2539748,2539748,2,4.0,16.89,5.0,230,132,1,85.0,0.0,0.0,10.0,0.0,1.0,99.25,2.5,0.0,0.75
2539834,2539834,2,1.0,18.14,2.0,230,132,2,70.0,0.0,0.5,0.0,6.94,1.0,81.69,2.5,0.0,0.75
2542437,2542437,2,2.0,16.6,2.0,230,132,1,70.0,0.0,0.5,16.34,6.94,1.0,98.03,2.5,0.0,0.75
2542668,2542668,2,1.0,17.52,2.0,230,132,1,70.0,0.0,0.5,15.0,6.94,1.0,96.69,2.5,0.0,0.75
2545175,2545175,2,2.0,27.9,2.0,230,132,1,70.0,0.0,0.5,16.34,6.94,1.0,98.03,2.5,0.0,0.75
2545359,2545359,1,1.0,16.5,2.0,230,132,1,70.0,3.25,0.5,22.4,14.88,1.0,112.03,2.5,0.0,0.75
2546387,2546387,2,1.0,18.06,2.0,230,132,1,70.0,0.0,0.5,16.34,6.94,1.0,98.03,2.5,0.0,0.75
2546572,2546572,2,1.0,19.03,2.0,230,132,1,70.0,0.0,0.5,16.34,6.94,1.0,98.03,2.5,0.0,0.75
2546721,2546721,2,2.0,17.42,2.0,230,132,1,70.0,0.0,0.5,10.0,6.94,1.0,91.69,2.5,0.0,0.75
2547713,2547713,2,1.0,21.95,2.0,230,132,2,70.0,0.0,0.5,0.0,0.0,1.0,74.75,2.5,0.0,0.75
2548461,2548461,1,1.0,16.8,2.0,230,132,1,70.0,3.25,0.5,15.0,6.94,1.0,96.69,2.5,0.0,0.75
2550923,2550923,2,2.0,17.82,2.0,230,132,1,70.0,0.0,0.5,24.51,6.94,1.0,106.2,2.5,0.0,0.75
2551002,2551002,2,1.0,18.33,2.0,230,132,1,70.0,0.0,0.5,16.34,6.94,1.0,98.03,2.5,0.0,0.75
2552383,2552383,1,1.0,30.1,2.0,230,132,1,70.0,3.25,0.5,20.4,6.94,1.0,102.09,2.5,0.0,0.75
2552462,2552462,2,2.0,16.98,2.0,230,132,2,70.0,0.0,0.5,0.0,6.94,1.0,81.69,2.5,0.0,0.75
2554525,2554525,2,1.0,18.6,2.0,230,132,1,70.0,0.0,0.5,24.28,6.94,1.0,105.97,2.5,0.0,0.75
2556420,2556420,2,3.0,16.99,2.0,230,132,2,70.0,0.0,0.5,0.0,8.94,1.0,82.94,2.5,0.0,0.0
2557033,2557033,2,2.0,16.39,2.0,230,132,1,70.0,0.0,0.5,16.34,6.94,1.0,98.03,2.5,0.0,0.75
2558412,2558412,2,1.0,17.49,2.0,230,132,1,70.0,0.0,0.5,16.34,6.94,1.0,98.03,2.5,0.0,0.75
2561522,2561522,2,2.0,16.51,2.0,230,132,1,70.0,0.0,0.5,20.0,0.0,1.0,94.75,2.5,0.0,0.75
2561643,2561643,2,1.0,21.79,2.0,230,132,1,70.0,0.0,0.5,16.34,6.94,1.0,98.03,2.5,0.0,0.75
2563147,2563147,1,1.0,18.6,2.0,230,132,2,70.0,3.25,0.5,0.0,6.94,1.0,81.69,2.5,0.0,0.75
2564389,2564389,2,3.0,20.65,2.0,230,132,1,70.0,0.0,0.5,10.0,6.94,1.0,91.69,2.5,0.0,0.75
2564491,2564491,2,1.0,16.94,2.0,230,132,1,70.0,0.0,0.5,16.34,6.94,1.0,98.03,2.5,0.0,0.75
2564720,2564720,2,2.0,17.07,2.0,230,132,1,70.0,0.0,0.5,16.34,6.94,1.0,98.03,2.5,0.0,0.75
2565075,2565075,2,2.0,16.7,2.0,230,132,1,70.0,0.0,0.5,16.34,6.94,1.0,98.03,2.5,0.0,0.75
2565574,2565574,2,1.0,17.59,2.0,230,132,2,70.0,0.0,0.5,0.0,6.94,1.0,81.69,2.5,0.0,0.75
2565813,2565813,2,1.0,17.33,2.0,230,132,1,70.0,0.0,0.5,5.0,13.88,1.0,96.13,2.5,0.0,0.75
2566348,2566348,2,1.0,17.01,2.0,230,132,1,70.0,0.0,0.5,16.34,6.94,1.0,98.03,2.5,0.0,0.75
2566552,2566552,2,1.0,17.19,2.0,230,132,1,70.0,0.0,0.5,16.34,6.94,1.0,98.03,2.5,0.0,0.75
2566953,2566953,2,3.0,17.0,1.0,230,132,1,84.9,0.0,0.5,19.32,6.94,1.0,115.91,2.5,0.0,0.75
2568814,2568814,2,1.0,17.72,2.0,230,132,1,70.0,0.0,0.5,14.95,0.0,1.0,89.7,2.5,0.0,0.75
2569181,2569181,2,2.0,21.47,2.0,230,132,1,70.0,0.0,0.5,20.42,6.94,1.0,102.11,2.5,0.0,0.75
2570067,2570067,2,2.0,18.02,2.0,230,132,1,70.0,0.0,0.5,16.84,6.94,1.0,101.03,2.5,0.0,0.75
2571502,2571502,2,1.0,17.13,2.0,230,132,2,70.0,0.0,0.5,0.0,6.94,1.0,81.69,2.5,0.0,0.75
2572276,2572276,2,1.0,16.71,5.0,230,132,1,87.0,0.0,0.0,7.0,14.69,1.0,112.94,2.5,0.0,0.75
2572489,2572489,2,3.0,15.27,2.0,230,132,1,70.0,0.0,0.5,18.69,0.0,1.0,93.44,2.5,0.0,0.75
2575198,2575198,2,1.0,16.18,2.0,230,132,1,70.0,0.0,0.5,16.34,6.94,1.0,98.03,2.5,0.0,0.75
2575639,2575639,2,1.0,17.91,2.0,230,132,1,70.0,0.0,0.5,10.0,0.0,1.0,84.75,2.5,0.0,0.75
2576961,2576961,2,2.0,16.99,2.0,230,132,1,70.0,0.0,0.5,16.34,6.94,1.0,98.03,2.5,0.0,0.75
2576985,2576985,2,2.0,15.88,2.0,230,132,2,70.0,0.0,0.5,0.0,0.0,1.0,74.75,2.5,0.0,0.75
2577632,2577632,2,1.0,20.92,2.0,230,132,1,70.0,0.0,0.5,16.34,6.94,1.0,98.03,2.5,0.0,0.75
2577821,2577821,2,1.0,16.67,2.0,230,132,1,70.0,0.0,0.5,16.34,6.94,1.0,98.03,2.5,0.0,0.75
2577836,2577836,2,4.0,16.24,1.0,230,132,1,89.8,0.0,0.5,0.0,6.94,1.0,101.49,2.5,0.0,0.75
2578102,2578102,2,1.0,16.63,2.0,230,132,1,70.0,0.0,0.5,16.34,6.94,1.0,98.03,2.5,0.0,0.75
2578235,2578235,2,2.0,16.05,2.0,230,132,1,70.0,0.0,0.5,22.43,0.0,1.0,97.18,2.5,0.0,0.75
2578296,2578296,2,4.0,16.97,1.0,230,132,1,91.9,0.0,0.5,20.72,6.94,1.0,124.31,2.5,0.0,0.75
2578544,2578544,2,1.0,19.15,2.0,230,132,1,70.0,0.0,0.5,18.69,0.0,1.0,93.44,2.5,0.0,0.75
2579372,2579372,2,1.0,16.57,2.0,230,132,1,70.0,0.0,0.5,20.42,6.94,1.0,102.11,2.5,0.0,0.75
2580124,2580124,2,2.0,16.52,2.0,230,132,1,70.0,0.0,0.5,16.34,6.94,1.0,98.03,2.5,0.0,0.75
2580296,2580296,2,1.0,21.2,2.0,230,132,1,70.0,0.0,0.5,7.0,6.94,1.0,88.69,2.5,0.0,0.75
2580671,2580671,1,1.0,16.7,2.0,230,132,1,70.0,3.25,0.5,16.35,6.94,1.0,98.04,2.5,0.0,0.75
2582949,2582949,1,1.0,18.1,2.0,230,132,1,70.0,3.25,0.5,16.3,6.94,1.0,97.99,2.5,0.0,0.75
2583650,2583650,2,1.0,16.55,2.0,230,132,1,70.0,0.0,0.5,0.0,6.94,1.0,81.69,2.5,0.0,0.75
2583924,2583924,1,0.0,17.6,2.0,230,132,1,70.0,3.25,0.5,16.3,6.94,1.0,97.99,2.5,0.0,0.75
2585842,2585842,2,1.0,20.1,2.0,230,132,1,70.0,0.0,0.5,22.43,0.0,1.0,97.18,2.5,0.0,0.75
2587331,2587331,2,1.0,14.75,2.0,230,132,1,70.0,0.0,0.5,12.0,0.0,1.0,86.75,2.5,0.0,0.75
2587386,2587386,2,2.0,16.87,2.0,230,132,4,-70.0,0.0,-0.5,0.0,-6.94,-1.0,-81.69,-2.5,0.0,-0.75
2587387,2587387,2,2.0,16.87,2.0,230,132,4,70.0,0.0,0.5,0.0,6.94,1.0,81.69,2.5,0.0,0.75
2587440,2587440,2,1.0,16.05,2.0,230,132,1,70.0,0.0,0.5,20.42,6.94,1.0,102.11,2.5,0.0,0.75
2588579,2588579,2,2.0,17.4,2.0,230,132,2,70.0,5.0,0.5,0.0,6.94,1.0,86.69,2.5,0.0,0.75
2589227,2589227,2,1.0,16.0,2.0,230,132,1,70.0,5.0,0.5,17.34,6.94,1.0,104.03,2.5,0.0,0.75
2589821,2589821,1,1.0,17.4,2.0,230,132,1,70.0,8.25,0.5,21.65,6.94,1.0,108.34,2.5,0.0,0.75
2589878,2589878,2,2.0,15.6,2.0,230,132,1,70.0,5.0,0.5,17.34,6.94,1.0,104.03,2.5,0.0,0.75
2590219,2590219,2,1.0,16.56,2.0,230,132,1,70.0,5.0,0.5,10.0,6.94,1.0,96.69,2.5,0.0,0.75
2590298,2590298,2,1.0,16.36,2.0,230,132,1,70.0,5.0,0.5,17.34,6.94,1.0,104.03,2.5,0.0,0.75
2591825,2591825,7,1.0,16.78,2.0,230,132,1,70.0,0.0,0.5,10.0,0.0,1.0,89.75,2.5,0.0,0.75
2591833,2591833,2,1.0,16.88,2.0,230,132,1,70.0,5.0,0.5,0.0,0.0,1.0,79.75,2.5,0.0,0.75
2594170,2594170,2,1.0,16.08,1.0,230,132,1,89.1,2.5,0.5,20.66,6.94,1.0,123.95,2.5,0.0,0.75
2598697,2598697,2,1.0,16.59,2.0,230,132,1,70.0,5.0,0.5,15.95,0.0,1.0,95.7,2.5,0.0,0.75
2599110,2599110,1,0.0,17.4,2.0,230,132,1,70.0,8.25,0.5,17.3,6.94,1.0,103.99,2.5,0.0,0.75
2600116,2600116,1,1.0,19.7,5.0,230,132,1,95.0,0.75,0.0,29.05,0.0,1.0,125.8,0.0,0.0,0.75
2600603,2600603,2,2.0,12.57,2.0,230,132,1,70.0,5.0,0.5,21.67,6.94,1.0,108.36,2.5,0.0,0.75
2601095,2601095,2,1.0,17.3,2.0,230,132,1,70.0,5.0,0.5,21.67,6.94,1.0,108.36,2.5,0.0,0.75
2601465,2601465,2,1.0,23.27,1.0,230,132,1,105.9,2.5,0.5,24.02,6.94,1.0,144.11,2.5,0.0,0.75
2603324,2603324,2,2.0,16.98,1.0,230,132,2,77.9,2.5,0.5,0.0,6.94,1.0,92.09,2.5,0.0,0.75
2604848,2604848,2,1.0,17.1,2.0,230,132,1,70.0,5.0,0.5,17.34,6.94,1.0,104.03,2.5,0.0,0.75
2604971,2604971,2,1.0,19.51,2.0,230,132,2,70.0,5.0,0.5,0.0,6.94,1.0,86.69,2.5,0.0,0.75
2606062,2606062,2,1.0,17.35,2.0,230,132,1,70.0,5.0,0.5,17.34,6.94,1.0,104.03,2.5,0.0,0.75
2606121,2606121,2,1.0,17.2,2.0,230,132,1,70.0,5.0,0.5,21.67,6.94,1.0,108.36,2.5,0.0,0.75
2607801,2607801,2,1.0,17.48,2.0,230,132,1,70.0,5.0,0.5,17.34,6.94,1.0,104.03,2.5,0.0,0.75
2611111,2611111,2,1.0,17.86,2.0,230,132,1,70.0,5.0,0.5,17.34,6.94,1.0,104.03,2.5,0.0,0.75
2611187,2611187,2,2.0,16.57,2.0,230,132,4,-70.0,-5.0,-0.5,0.0,-6.94,-1.0,-86.69,-2.5,0.0,-0.75
2611188,2611188,2,2.0,16.57,2.0,230,132,4,70.0,5.0,0.5,0.0,6.94,1.0,86.69,2.5,0.0,0.75
2611782,2611782,2,1.0,15.91,5.0,230,132,1,87.0,0.0,0.0,10.0,6.94,1.0,108.19,2.5,0.0,0.75
2612085,2612085,2,1.0,16.71,2.0,230,132,1,70.0,5.0,0.5,17.34,6.94,1.0,104.03,2.5,0.0,0.75
2613926,2613926,2,1.0,16.2,2.0,230,132,1,70.0,5.0,0.5,5.0,6.94,1.0,91.69,2.5,0.0,0.75
2614927,2614927,2,1.0,17.63,2.0,230,132,1,70.0,5.0,0.5,21.67,6.94,1.0,108.36,2.5,0.0,0.75
2615664,2615664,2,2.0,16.52,2.0,230,132,1,70.0,5.0,0.5,21.67,6.94,1.0,108.36,2.5,0.0,0.75
2621603,2621603,2,1.0,16.56,2.0,230,132,1,70.0,0.0,0.5,16.34,6.94,1.0,98.03,2.5,0.0,0.75
2628097,2628097,2,2.0,17.91,2.0,230,132,1,70.0,0.0,0.5,14.95,0.0,1.0,89.7,2.5,0.0,0.75
2653473,2653473,2,1.0,16.93,2.0,230,132,1,70.0,0.0,0.5,16.34,6.94,1.0,98.03,2.5,0.0,0.75
2654142,2654142,2,1.0,17.97,2.0,230,132,1,70.0,0.0,0.5,16.34,6.94,1.0,98.03,2.5,0.0,0.75
2654271,2654271,2,2.0,17.04,2.0,230,132,1,70.0,0.0,0.5,8.0,6.94,1.0,89.69,2.5,0.0,0.75
2654455,2654455,2,1.0,16.87,2.0,230,132,1,70.0,0.0,0.5,16.34,6.94,1.0,98.03,2.5,0.0,0.75
2654810,2654810,1,1.0,16.9,2.0,230,132,1,70.0,3.25,0.5,16.35,6.94,1.0,98.04,2.5,0.0,0.75
2655022,2655022,1,1.0,17.7,2.0,230,132,1,70.0,3.25,0.5,10.0,6.94,1.0,91.69,2.5,0.0,0.75
2655061,2655061,1,1.0,16.6,2.0,230,132,2,70.0,3.25,0.5,0.0,6.94,1.0,81.69,2.5,0.0,0.75
2655106,2655106,2,1.0,17.47,2.0,230,132,1,70.0,0.0,0.5,16.34,6.94,1.0,98.03,2.5,0.0,0.75
2655379,2655379,2,1.0,17.11,2.0,230,132,1,70.0,0.0,0.5,20.86,8.69,1.0,104.3,2.5,0.0,0.75
2655584,2655584,2,1.0,17.37,2.0,230,132,1,70.0,0.0,0.5,16.34,6.94,1.0,98.03,2.5,0.0,0.75
2656017,2656017,2,2.0,17.55,2.0,230,132,1,70.0,0.0,0.5,24.51,6.94,1.0,106.2,2.5,0.0,0.75
2656034,2656034,1,1.0,17.4,2.0,230,132,1,70.0,3.25,0.5,10.0,6.94,1.0,91.69,2.5,0.0,0.75
2656987,2656987,2,1.0,17.85,2.0,230,132,1,70.0,0.0,0.5,16.34,6.94,1.0,98.03,2.5,0.0,0.75
2657469,2657469,1,1.0,18.8,2.0,230,132,1,70.0,3.25,0.5,0.0,6.94,1.0,81.69,2.5,0.0,0.75
2658305,2658305,1,1.0,16.7,2.0,230,132,2,70.0,3.25,0.5,0.0,6.94,1.0,81.69,2.5,0.0,0.75
2658504,2658504,1,1.0,16.2,2.0,230,132,1,70.0,3.25,0.5,16.35,6.94,1.0,98.04,2.5,0.0,0.75
2661394,2661394,2,2.0,17.0,2.0,230,132,1,70.0,0.0,0.5,16.34,6.94,1.0,98.03,2.5,0.0,0.75
2661580,2661580,2,1.0,17.15,2.0,230,132,1,70.0,0.0,0.5,24.51,6.94,1.0,106.2,2.5,0.0,0.75
2663380,2663380,2,1.0,15.68,1.0,230,132,1,91.2,0.0,0.5,20.58,6.94,1.0,123.47,2.5,0.0,0.75
2666313,2666313,1,1.0,17.1,2.0,230,132,1,70.0,3.25,0.5,2.0,6.94,1.0,83.69,2.5,0.0,0.75
2672330,2672330,2,1.0,17.45,2.0,230,132,1,70.0,0.0,0.5,0.0,6.94,1.0,81.69,2.5,0.0,0.75
2673335,2673335,1,1.0,16.8,2.0,230,132,1,70.0,3.25,0.5,20.4,6.94,1.0,102.09,2.5,0.0,0.75
2673548,2673548,1,1.0,15.9,2.0,230,132,3,70.0,3.25,0.5,0.0,6.94,1.0,81.69,2.5,0.0,0.75
2674407,2674407,1,0.0,16.8,2.0,230,132,2,70.0,3.25,0.5,0.0,6.94,1.0,81.69,2.5,0.0,0.75
2674508,2674508,2,2.0,18.81,2.0,230,132,2,70.0,0.0,0.5,0.0,6.94,1.0,81.69,2.5,0.0,0.75
2675436,2675436,2,1.0,15.92,2.0,230,132,1,70.0,0.0,0.5,20.42,6.94,1.0,102.11,2.5,0.0,0.75
2675994,2675994,2,1.0,17.69,2.0,230,132,1,70.0,0.0,0.5,16.34,6.94,1.0,98.03,2.5,0.0,0.75
2677784,2677784,2,1.0,17.01,2.0,230,132,1,70.0,0.0,0.5,16.34,6.94,1.0,98.03,2.5,0.0,0.75
2677840,2677840,2,1.0,16.41,2.0,230,132,1,70.0,0.0,0.5,15.0,0.0,1.0,89.75,2.5,0.0,0.75
2678075,2678075,2,2.0,16.0,2.0,230,132,1,70.0,0.0,0.5,10.0,6.94,1.0,91.69,2.5,0.0,0.75
2678095,2678095,2,1.0,17.22,2.0,230,132,1,70.0,0.0,0.5,16.34,6.94,1.0,98.03,2.5,0.0,0.75
2678537,2678537,2,1.0,16.61,2.0,230,132,1,70.0,0.0,0.5,16.34,6.94,1.0,98.03,2.5,0.0,0.75
2679748,2679748,2,1.0,16.44,2.0,230,132,1,70.0,0.0,0.5,9.2,6.94,1.0,90.89,2.5,0.0,0.75
2680481,2680481,1,1.0,16.9,2.0,230,132,1,70.0,3.25,0.5,18.7,0.0,1.0,93.45,2.5,0.0,0.75
2681128,2681128,1,1.0,16.7,2.0,230,132,1,70.0,3.25,0.5,14.95,0.0,1.0,89.7,2.5,0.0,0.75
2681759,2681759,2,1.0,17.16,2.0,230,132,1,70.0,0.0,0.5,0.0,0.0,1.0,74.75,2.5,0.0,0.75
2683934,2683934,1,1.0,16.2,2.0,230,132,1,70.0,3.25,0.5,16.35,6.94,1.0,98.04,2.5,0.0,0.75
2684775,2684775,2,4.0,20.37,5.0,230,132,1,85.0,0.0,0.0,5.0,0.0,1.0,94.25,2.5,0.0,0.75
2685167,2685167,1,1.0,17.7,2.0,230,132,1,70.0,3.25,0.5,16.35,6.94,1.0,98.04,2.5,0.0,0.75
2685797,2685797,2,2.0,17.53,2.0,230,132,1,70.0,0.0,0.5,16.34,6.94,1.0,98.03,2.5,0.0,0.75
2685830,2685830,2,2.0,17.53,2.0,230,132,1,70.0,0.0,0.5,24.51,6.94,1.0,106.2,2.5,0.0,0.75
2686622,2686622,2,1.0,17.82,2.0,230,132,1,70.0,0.0,0.5,16.34,6.94,1.0,98.03,2.5,0.0,0.75
2687925,2687925,1,1.0,17.7,2.0,230,132,1,70.0,3.25,0.5,16.35,6.94,1.0,98.04,2.5,0.0,0.75
2688976,2688976,2,1.0,17.47,2.0,230,132,1,70.0,0.0,0.5,15.0,0.0,1.0,89.75,2.5,0.0,0.75
2689142,2689142,2,2.0,17.91,2.0,230,132,1,70.0,0.0,0.5,16.34,6.94,1.0,98.03,2.5,0.0,0.75
2689831,2689831,1,1.0,17.2,2.0,230,132,1,70.0,3.25,0.5,16.35,6.94,1.0,98.04,2.5,0.0,0.75
2691111,2691111,1,2.0,15.7,2.0,230,132,1,70.0,3.25,0.5,16.35,6.94,1.0,98.04,2.5,0.0,0.75
2692546,2692546,2,1.0,17.29,2.0,230,132,1,70.0,0.0,0.5,16.84,6.94,1.0,101.03,2.5,0.0,0.75
2693658,2693658,1,1.0,16.7,2.0,230,132,1,70.0,3.25,0.5,16.3,6.94,1.0,97.99,2.5,0.0,0.75
2694010,2694010,2,2.0,21.28,2.0,230,132,1,70.0,0.0,0.5,0.0,6.94,1.0,81.69,2.5,0.0,0.75
2694096,2694096,1,2.0,27.2,5.0,230,132,1,86.69,0.75,0.0,17.65,0.0,1.0,106.09,0.0,0.0,0.75
2695004,2695004,2,2.0,16.45,2.0,230,132,2,70.0,0.0,0.5,0.0,6.94,1.0,81.69,2.5,0.0,0.75
2695326,2695326,2,2.0,16.19,2.0,230,132,2,-70.0,0.0,-0.5,0.0,-6.94,-1.0,-81.69,-2.5,0.0,-0.75
2695327,2695327,2,2.0,16.19,2.0,230,132,2,70.0,0.0,0.5,0.0,6.94,1.0,81.69,2.5,0.0,0.75
2695633,2695633,2,2.0,16.37,5.0,230,132,1,90.0,0.0,0.0,23.56,0.0,1.0,117.81,2.5,0.0,0.75
2695709,2695709,2,1.0,16.73,2.0,230,132,1,70.0,0.0,0.5,22.43,0.0,1.0,97.18,2.5,0.0,0.75
2695857,2695857,2,1.0,14.89,2.0,230,132,1,70.0,0.0,0.5,10.0,6.94,1.0,91.69,2.5,0.0,0.75
2697172,2697172,2,2.0,16.73,1.0,230,132,2,-89.1,0.0,-0.5,0.0,0.0,-1.0,-93.85,-2.5,0.0,-0.75
2697173,2697173,2,2.0,16.73,1.0,230,132,2,89.1,0.0,0.5,0.0,0.0,1.0,93.85,2.5,0.0,0.75
2697226,2697226,2,2.0,18.03,2.0,230,132,2,-70.0,0.0,-0.5,0.0,-6.94,-1.0,-81.69,-2.5,0.0,-0.75
2697227,2697227,2,2.0,18.03,2.0,230,132,2,70.0,0.0,0.5,0.0,6.94,1.0,81.69,2.5,0.0,0.75
2697694,2697694,1,1.0,16.8,2.0,230,132,1,70.0,3.25,0.5,30.0,6.94,1.0,111.69,2.5,0.0,0.75
2697868,2697868,2,4.0,16.55,2.0,230,132,2,70.0,0.0,0.5,0.0,6.94,1.0,81.69,2.5,0.0,0.75
2699289,2699289,2,1.0,15.84,2.0,230,132,1,70.0,0.0,0.5,24.51,6.94,1.0,106.2,2.5,0.0,0.75
2700700,2700700,2,0.0,15.71,2.0,230,132,1,70.0,0.0,0.5,16.34,6.94,1.0,98.03,2.5,0.0,0.75
2703645,2703645,2,2.0,15.6,2.0,230,132,1,70.0,0.0,0.5,16.34,6.94,1.0,98.03,2.5,0.0,0.75
2704285,2704285,2,1.0,18.42,2.0,230,132,1,70.0,0.0,0.5,18.69,0.0,1.0,93.44,2.5,0.0,0.75
2704613,2704613,2,2.0,17.61,2.0,230,132,1,70.0,5.0,0.5,17.34,6.94,1.0,104.03,2.5,0.0,0.75
2705931,2705931,2,1.0,16.76,2.0,230,132,1,70.0,5.0,0.5,21.67,6.94,1.0,108.36,2.5,0.0,0.75
2709430,2709430,2,1.0,17.98,2.0,230,132,1,70.0,5.0,0.5,19.94,0.0,1.0,99.69,2.5,0.0,0.75
2709450,2709450,2,1.0,17.28,2.0,230,132,1,70.0,5.0,0.5,17.34,6.94,1.0,104.03,2.5,0.0,0.75
2709673,2709673,1,1.0,16.3,2.0,230,132,1,70.0,8.25,0.5,19.95,0.0,1.0,99.7,2.5,0.0,0.75
2711345,2711345,2,1.0,16.93,2.0,230,132,1,70.0,5.0,0.5,15.95,0.0,1.0,95.7,2.5,0.0,0.75
2713469,2713469,2,1.0,16.29,2.0,230,132,2,70.0,5.0,0.5,0.0,6.94,1.0,86.69,2.5,0.0,0.75
2717214,2717214,2,1.0,16.08,2.0,230,132,2,70.0,5.0,0.5,0.0,0.0,1.0,79.75,2.5,0.0,0.75
2719219,2719219,1,1.0,17.5,2.0,230,132,1,70.0,8.25,0.5,17.3,6.94,1.0,103.99,2.5,0.0,0.75
2719736,2719736,2,1.0,17.56,2.0,230,132,1,70.0,5.0,0.5,17.34,6.94,1.0,104.03,2.5,0.0,0.75
2722129,2722129,2,3.0,17.67,2.0,230,132,1,70.0,5.0,0.5,17.34,6.94,1.0,104.03,2.5,0.0,0.75
2723667,2723667,1,1.0,16.9,2.0,230,132,1,70.0,8.25,0.5,17.3,6.94,1.0,103.99,2.5,0.0,0.75
2724621,2724621,2,2.0,16.81,2.0,230,132,1,70.0,5.0,0.5,15.95,0.0,1.0,95.7,2.5,0.0,0.75
2731588,2731588,2,2.0,18.86,2.0,230,132,2,70.0,5.0,0.5,0.0,6.94,1.0,86.69,2.5,0.0,0.75
2734589,2734589,2,1.0,17.6,1.0,230,132,1,77.9,2.5,0.5,18.0,6.94,1.0,110.09,2.5,0.0,0.75
2747305,2747305,2,1.0,14.61,2.0,230,132,1,70.0,0.0,0.5,10.0,6.94,1.0,91.69,2.5,0.0,0.75
2751767,2751767,2,2.0,17.17,2.0,230,132,1,70.0,0.0,0.5,16.34,6.94,1.0,98.03,2.5,0.0,0.75
2754528,2754528,2,1.0,16.48,2.0,230,132,1,70.0,0.0,0.5,20.42,6.94,1.0,102.11,2.5,0.0,0.75
2769008,2769008,7,1.0,15.33,2.0,230,132,1,70.0,0.0,0.5,14.95,0.0,1.0,89.7,2.5,0.0,0.75
2775545,2775545,2,1.0,14.31,2.0,230,132,1,70.0,0.0,0.5,20.42,6.94,1.0,102.11,2.5,0.0,0.75
2775890,2775890,2,2.0,16.76,2.0,230,132,1,70.0,0.0,0.5,16.34,6.94,1.0,98.03,2.5,0.0,0.75
2777994,2777994,2,1.0,17.03,2.0,230,132,1,70.0,0.0,0.5,0.1,0.0,1.0,74.85,2.5,0.0,0.75
2778262,2778262,2,1.0,17.34,2.0,230,132,1,70.0,0.0,0.5,16.34,6.94,1.0,98.03,2.5,0.0,0.75
2778304,2778304,2,1.0,18.63,5.0,230,132,1,97.0,0.0,0.0,5.0,6.94,1.0,113.19,2.5,0.0,0.75
2778780,2778780,2,2.0,16.55,2.0,230,132,1,70.0,0.0,0.5,16.34,6.94,1.0,98.03,2.5,0.0,0.75
2778931,2778931,2,4.0,16.99,2.0,230,132,1,70.0,0.0,0.5,0.0,6.94,1.0,81.69,2.5,0.0,0.75
2779455,2779455,2,2.0,18.31,2.0,230,132,1,70.0,0.0,0.5,16.34,6.94,1.0,98.03,2.5,0.0,0.75
2780662,2780662,2,2.0,18.45,2.0,230,132,1,70.0,0.0,0.5,16.34,6.94,1.0,98.03,2.5,0.0,0.75
2780802,2780802,2,1.0,20.39,2.0,230,132,1,70.0,0.0,0.5,16.34,6.94,1.0,98.03,2.5,0.0,0.75
2780884,2780884,2,1.0,17.1,2.0,230,132,1,70.0,0.0,0.5,18.69,0.0,1.0,93.44,2.5,0.0,0.75
2780970,2780970,2,1.0,15.42,2.0,230,132,1,70.0,0.0,0.5,16.34,6.94,1.0,98.03,2.5,0.0,0.75
2781388,2781388,2,2.0,17.71,2.0,230,132,1,70.0,0.0,0.5,5.0,6.94,1.0,86.69,2.5,0.0,0.75
2781571,2781571,2,2.0,17.04,2.0,230,132,1,70.0,0.0,0.5,10.0,6.94,1.0,91.69,2.5,0.0,0.75
2781632,2781632,1,1.0,24.7,2.0,230,132,1,70.0,3.25,0.5,16.35,6.94,1.0,98.04,2.5,0.0,0.75
2782082,2782082,2,3.0,18.43,2.0,230,132,1,70.0,0.0,0.5,16.19,6.94,1.0,97.88,2.5,0.0,0.75
2782120,2782120,1,2.0,17.6,2.0,230,132,1,70.0,3.25,0.5,16.3,6.94,1.0,97.99,2.5,0.0,0.75
2783127,2783127,2,2.0,17.12,2.0,230,132,1,70.0,0.0,0.5,15.0,6.94,1.0,96.69,2.5,0.0,0.75
2783190,2783190,1,1.0,16.6,2.0,230,132,1,70.0,3.25,0.5,16.35,6.94,1.0,98.04,2.5,0.0,0.75
2783480,2783480,2,1.0,17.02,2.0,230,132,1,70.0,0.0,0.5,14.95,0.0,1.0,89.7,2.5,0.0,0.75
2783564,2783564,2,1.0,19.13,2.0,230,132,1,70.0,0.0,0.5,8.0,6.94,1.0,89.69,2.5,0.0,0.75
2784437,2784437,2,1.0,16.51,2.0,230,132,1,70.0,0.0,0.5,5.0,6.94,1.0,86.69,2.5,0.0,0.75
2786333,2786333,2,1.0,16.53,2.0,230,132,1,70.0,0.0,0.5,16.34,6.94,1.0,98.03,2.5,0.0,0.75
2790206,2790206,2,3.0,17.05,2.0,230,132,1,70.0,0.0,0.5,12.25,6.94,1.0,93.94,2.5,0.0,0.75
2790271,2790271,2,1.0,18.16,2.0,230,132,1,70.0,0.0,0.5,16.34,6.94,1.0,98.03,2.5,0.0,0.75
2792324,2792324,2,1.0,16.88,2.0,230,132,1,70.0,0.0,0.5,5.0,6.94,1.0,86.69,2.5,0.0,0.75
2794707,2794707,2,3.0,8.87,1.0,230,132,1,42.9,0.0,0.5,0.0,0.0,1.0,47.65,2.5,0.0,0.75
2795251,2795251,2,2.0,17.42,2.0,230,132,1,70.0,0.0,0.5,11.0,6.94,1.0,92.69,2.5,0.0,0.75
2795516,2795516,1,0.0,17.1,2.0,230,132,1,70.0,3.25,0.5,10.0,6.94,1.0,91.69,2.5,0.0,0.75
2795795,2795795,2,1.0,17.51,2.0,230,132,1,70.0,0.0,0.5,16.34,6.94,1.0,98.03,2.5,0.0,0.75
2795828,2795828,1,1.0,16.9,2.0,230,132,1,70.0,3.25,0.5,20.4,6.94,1.0,102.09,2.5,0.0,0.75
2796223,2796223,2,4.0,15.98,5.0,230,132,2,100.0,0.0,0.0,0.0,6.94,1.0,111.19,2.5,0.0,0.75
2796595,2796595,2,2.0,16.96,2.0,230,132,1,70.0,0.0,0.5,0.0,6.94,1.0,81.69,2.5,0.0,0.75
2796685,2796685,2,2.0,17.14,2.0,230,132,1,70.0,0.0,0.5,16.34,6.94,1.0,98.03,2.5,0.0,0.75
2796936,2796936,2,2.0,16.95,2.0,230,132,1,70.0,0.0,0.5,20.42,6.94,1.0,102.11,2.5,0.0,0.75
2798861,2798861,2,2.0,17.57,2.0,230,132,1,70.0,0.0,0.5,0.0,6.94,1.0,81.69,2.5,0.0,0.75
2800297,2800297,1,1.0,22.0,2.0,230,132,1,70.0,3.25,0.5,10.0,0.0,1.0,84.75,2.5,0.0,0.75
2801098,2801098,2,4.0,16.76,2.0,230,132,2,70.0,0.0,0.5,0.0,6.94,1.0,81.69,2.5,0.0,0.75
2802494,2802494,1,1.0,16.8,2.0,230,132,2,70.0,3.25,0.5,0.0,6.94,1.0,81.69,2.5,0.0,0.75
2803004,2803004,2,4.0,16.3,5.0,230,132,1,86.0,0.0,0.0,18.05,0.0,1.0,108.3,2.5,0.0,0.75
2803204,2803204,2,3.0,16.77,2.0,230,132,2,70.0,0.0,0.5,0.0,6.94,1.0,81.69,2.5,0.0,0.75
2803374,2803374,2,2.0,18.9,2.0,230,132,1,70.0,0.0,0.5,22.43,0.0,1.0,97.18,2.5,0.0,0.75
2803648,2803648,1,2.0,17.0,2.0,230,132,1,70.0,3.25,0.5,20.4,6.94,1.0,102.09,2.5,0.0,0.75
2803809,2803809,2,1.0,18.07,2.0,230,132,1,70.0,0.0,0.5,16.34,6.94,1.0,98.03,2.5,0.0,0.75
2804347,2804347,2,1.0,17.67,2.0,230,132,1,70.0,0.0,0.5,0.0,6.94,1.0,81.69,2.5,0.0,0.75
2804405,2804405,2,2.0,18.41,2.0,230,132,1,70.0,0.0,0.5,10.0,6.94,1.0,91.69,2.5,0.0,0.75
2804430,2804430,2,2.0,17.05,2.0,230,132,1,70.0,0.0,0.5,16.34,6.94,1.0,98.03,2.5,0.0,0.75
2804643,2804643,2,2.0,17.53,2.0,230,132,1,70.0,0.0,0.5,16.34,6.94,1.0,98.03,2.5,0.0,0.75
2805365,2805365,2,2.0,17.19,2.0,230,132,1,70.0,0.0,0.5,12.25,6.94,1.0,93.94,2.5,0.0,0.75
2805375,2805375,2,1.0,17.34,2.0,230,132,1,70.0,0.0,0.5,16.34,6.94,1.0,98.03,2.5,0.0,0.75
2805951,2805951,2,1.0,18.13,2.0,230,132,1,70.0,0.0,0.5,16.34,6.94,1.0,98.03,2.5,0.0,0.75
2807036,2807036,2,2.0,14.62,2.0,230,132,2,70.0,0.0,0.5,0.0,10.0,1.0,84.75,2.5,0.0,0.75
2808435,2808435,2,1.0,18.4,5.0,230,132,1,85.0,0.0,0.0,15.0,6.94,1.0,111.19,2.5,0.0,0.75
2809212,2809212,2,2.0,17.71,2.0,230,132,1,70.0,0.0,0.5,16.34,6.94,1.0,98.03,2.5,0.0,0.75
2810514,2810514,2,1.0,16.4,2.0,230,132,2,70.0,0.0,0.5,0.0,6.94,1.0,80.94,2.5,0.0,0.0
2811632,2811632,2,3.0,17.02,2.0,230,132,1,70.0,0.0,0.5,10.0,6.94,1.0,91.69,2.5,0.0,0.75
2811825,2811825,2,1.0,17.29,2.0,230,132,1,70.0,0.0,0.5,10.0,6.94,1.0,91.69,2.5,0.0,0.75
2812043,2812043,2,1.0,17.47,2.0,230,132,1,70.0,0.0,0.5,16.34,6.94,1.0,98.03,2.5,0.0,0.75
2812511,2812511,2,2.0,18.41,2.0,230,132,2,-70.0,0.0,-0.5,0.0,0.0,-1.0,-74.75,-2.5,0.0,-0.75
2812512,2812512,2,2.0,18.41,2.0,230,132,2,70.0,0.0,0.5,0.0,0.0,1.0,74.75,2.5,0.0,0.75
2813452,2813452,2,1.0,17.61,2.0,230,132,2,70.0,0.0,0.5,0.0,6.94,1.0,81.69,2.5,0.0,0.75
2813652,2813652,2,1.0,17.32,2.0,230,132,1,70.0,0.0,0.5,16.34,6.94,1.0,98.03,2.5,0.0,0.75
2814888,2814888,2,3.0,17.39,2.0,230,132,2,70.0,0.0,0.5,0.0,6.94,1.0,81.69,2.5,0.0,0.75
2815211,2815211,2,2.0,16.8,2.0,230,132,2,70.0,0.0,0.5,0.0,6.94,1.0,81.69,2.5,0.0,0.75
2815242,2815242,2,2.0,17.16,2.0,230,132,1,70.0,0.0,0.5,16.34,6.94,1.0,98.03,2.5,0.0,0.75
2815799,2815799,1,1.0,16.1,2.0,230,132,1,70.0,3.25,0.5,20.4,6.94,1.0,102.09,2.5,0.0,0.75
2815830,2815830,1,1.0,16.8,2.0,230,132,1,70.0,3.25,0.5,20.4,6.94,1.0,102.09,2.5,0.0,0.75
2817968,2817968,2,2.0,17.06,2.0,230,132,1,70.0,0.0,0.5,16.34,6.94,1.0,98.03,2.5,0.0,0.75
2818559,2818559,2,2.0,16.93,2.0,230,132,1,70.0,0.0,0.5,5.0,0.0,1.0,79.75,2.5,0.0,0.75
2818734,2818734,2,2.0,16.82,2.0,230,132,1,70.0,0.0,0.5,9.0,6.94,1.0,93.19,2.5,0.0,0.75
2818959,2818959,2,1.0,16.7,2.0,230,132,1,70.0,0.0,0.5,20.42,6.94,1.0,102.11,2.5,0.0,0.75
2819503,2819503,2,1.0,17.06,2.0,230,132,1,70.0,0.0,0.5,12.25,6.94,1.0,93.94,2.5,0.0,0.75
2823081,2823081,2,1.0,16.75,2.0,230,132,1,70.0,0.0,0.5,0.0,6.94,1.0,81.69,2.5,0.0,0.75
2823421,2823421,2,2.0,16.86,2.0,230,132,2,70.0,0.0,0.5,0.0,6.94,1.0,81.69,2.5,0.0,0.75
2823640,2823640,2,2.0,16.86,2.0,230,132,1,70.0,0.0,0.5,16.34,6.94,1.0,98.03,2.5,0.0,0.75
2823836,2823836,2,1.0,16.9,2.0,230,132,1,70.0,0.0,0.5,16.34,6.94,1.0,98.03,2.5,0.0,0.75
2824099,2824099,2,1.0,16.88,2.0,230,132,1,70.0,0.0,0.5,3.0,6.94,1.0,84.69,2.5,0.0,0.75
2824438,2824438,2,4.0,15.94,5.0,230,132,1,83.0,0.0,0.0,17.45,0.0,1.0,104.7,2.5,0.0,0.75
2825350,2825350,2,2.0,16.56,2.0,230,132,1,70.0,0.0,0.5,18.3,6.94,1.0,99.99,2.5,0.0,0.75
2827233,2827233,2,1.0,21.15,3.0,230,132,4,-103.5,0.0,0.0,0.0,-6.94,-1.0,-112.19,0.0,0.0,-0.75
2827234,2827234,2,1.0,21.15,3.0,230,132,4,103.5,0.0,0.0,0.0,6.94,1.0,112.19,0.0,0.0,0.75
2830956,2830956,2,1.0,21.82,2.0,230,132,2,70.0,0.0,0.5,0.0,0.0,1.0,74.75,2.5,0.0,0.75
2832092,2832092,2,2.0,16.62,2.0,230,132,1,70.0,0.0,0.5,16.34,6.94,1.0,98.03,2.5,0.0,0.75
2832893,2832893,2,1.0,16.58,2.0,230,132,1,70.0,0.0,0.5,2.0,0.0,1.0,76.75,2.5,0.0,0.75
2833059,2833059,2,3.0,16.53,2.0,230,132,1,70.0,0.0,0.5,16.34,6.94,1.0,98.03,2.5,0.0,0.75
2836166,2836166,2,1.0,17.28,2.0,230,132,1,70.0,0.0,0.5,5.0,6.94,1.0,86.69,2.5,0.0,0.75
2836672,2836672,2,3.0,18.68,2.0,230,132,1,70.0,0.0,0.5,0.0,6.94,1.0,81.69,2.5,0.0,0.75
2838174,2838174,2,1.0,17.99,2.0,230,132,2,70.0,0.0,0.5,0.0,6.94,1.0,81.69,2.5,0.0,0.75
2840294,2840294,2,1.0,18.54,2.0,230,132,2,70.0,0.0,0.5,0.0,6.94,1.0,81.69,2.5,0.0,0.75
2840300,2840300,2,2.0,16.79,2.0,230,132,1,70.0,0.0,0.5,16.34,6.94,1.0,98.03,2.5,0.0,0.75
2841057,2841057,2,2.0,17.52,5.0,230,132,1,107.0,0.0,0.0,0.0,0.0,1.0,111.25,2.5,0.0,0.75
2843748,2843748,2,1.0,17.27,2.0,230,132,1,70.0,0.0,0.5,16.34,6.94,1.0,98.03,2.5,0.0,0.75
2848765,2848765,2,4.0,16.6,2.0,230,132,1,70.0,0.0,0.5,16.34,6.94,1.0,98.03,2.5,0.0,0.75
2852670,2852670,2,1.0,17.43,2.0,230,132,1,70.0,0.0,0.5,20.42,6.94,1.0,102.11,2.5,0.0,0.75
2855257,2855257,2,2.0,17.69,2.0,230,132,1,70.0,0.0,0.5,14.95,0.0,1.0,89.7,2.5,0.0,0.75
2868716,2868716,2,2.0,18.69,2.0,230,132,1,70.0,0.0,0.5,0.0,6.94,1.0,81.69,2.5,0.0,0.75
2893224,2893224,2,1.0,17.54,2.0,230,132,1,70.0,0.0,0.5,0.0,6.94,1.0,81.69,2.5,0.0,0.75
2893419,2893419,7,1.0,16.95,2.0,230,132,1,70.0,0.0,0.5,16.34,6.94,1.0,98.03,2.5,0.0,0.75
2893575,2893575,2,1.0,17.35,2.0,230,132,1,70.0,0.0,0.5,10.0,6.94,1.0,91.69,2.5,0.0,0.75
2894280,2894280,2,1.0,16.8,2.0,230,132,1,70.0,0.0,0.5,10.0,6.94,1.0,91.69,2.5,0.0,0.75
2894395,2894395,2,4.0,17.4,2.0,230,132,1,70.0,0.0,0.5,5.0,6.94,1.0,86.69,2.5,0.0,0.75
2894682,2894682,2,1.0,17.19,2.0,230,132,2,70.0,0.0,0.5,0.0,6.94,1.0,81.69,2.5,0.0,0.75
2894825,2894825,1,1.0,17.6,2.0,230,132,1,70.0,3.25,0.5,14.95,0.0,1.0,89.7,2.5,0.0,0.75
2894973,2894973,2,1.0,17.02,2.0,230,132,1,70.0,0.0,0.5,16.34,6.94,1.0,98.03,2.5,0.0,0.75
2895123,2895123,2,1.0,18.03,2.0,230,132,1,70.0,0.0,0.5,16.34,6.94,1.0,98.03,2.5,0.0,0.75
2895813,2895813,2,3.0,18.25,2.0,230,132,1,70.0,0.0,0.5,14.95,0.0,1.0,89.7,2.5,0.0,0.75
2895988,2895988,2,2.0,17.32,5.0,230,132,1,90.0,0.0,0.0,18.85,0.0,1.0,113.1,2.5,0.0,0.75
2896431,2896431,2,2.0,17.28,2.0,230,132,1,70.0,0.0,0.5,16.34,6.94,1.0,98.03,2.5,0.0,0.75
2896825,2896825,2,1.0,18.46,2.0,230,132,1,70.0,0.0,0.5,25.26,6.94,1.0,109.45,2.5,0.0,0.75
2897086,2897086,2,1.0,17.33,2.0,230,132,1,70.0,0.0,0.5,16.34,6.94,1.0,98.03,2.5,0.0,0.75
2898147,2898147,2,1.0,16.05,2.0,230,132,1,70.0,0.0,0.5,16.84,6.94,1.0,101.03,2.5,0.0,0.75
2898194,2898194,7,2.0,17.65,2.0,230,132,1,70.0,0.0,0.5,10.0,6.94,1.0,91.69,2.5,0.0,0.75
2898680,2898680,2,2.0,16.92,2.0,230,132,1,70.0,0.0,0.5,16.34,6.94,1.0,98.03,2.5,0.0,0.75
2898752,2898752,2,1.0,17.21,2.0,230,132,1,70.0,0.0,0.5,16.34,6.94,1.0,98.03,2.5,0.0,0.75
2899050,2899050,2,2.0,16.16,2.0,230,132,1,70.0,0.0,0.5,14.95,0.0,1.0,89.7,2.5,0.0,0.75
2900031,2900031,2,2.0,17.0,2.0,230,132,1,70.0,0.0,0.5,20.42,6.94,1.0,102.11,2.5,0.0,0.75
2900279,2900279,2,1.0,17.02,2.0,230,132,2,70.0,0.0,0.5,0.0,0.0,1.0,74.75,2.5,0.0,0.75
2900844,2900844,2,2.0,16.96,2.0,230,132,2,70.0,0.0,0.5,0.0,6.94,1.0,81.69,2.5,0.0,0.75
2900966,2900966,2,1.0,17.79,2.0,230,132,2,70.0,0.0,0.5,0.0,6.94,1.0,81.69,2.5,0.0,0.75
2901527,2901527,1,1.0,18.0,2.0,230,132,1,70.0,3.25,0.5,16.3,6.94,1.0,97.99,2.5,0.0,0.75
2902380,2902380,2,1.0,18.02,2.0,230,132,1,70.0,0.0,0.5,16.34,6.94,1.0,98.03,2.5,0.0,0.75
2902564,2902564,2,1.0,16.98,2.0,230,132,1,70.0,0.0,0.5,14.95,0.0,1.0,89.7,2.5,0.0,0.75
2902816,2902816,2,2.0,16.95,2.0,230,132,1,70.0,0.0,0.5,16.34,6.94,1.0,98.03,2.5,0.0,0.75
2902865,2902865,1,0.0,16.9,2.0,230,132,1,70.0,3.25,0.5,15.0,6.94,1.0,96.69,2.5,0.0,0.75
2902930,2902930,2,2.0,17.39,2.0,230,132,2,70.0,0.0,0.5,0.0,6.94,1.0,81.69,2.5,0.0,0.75
2904257,2904257,1,2.0,18.1,2.0,230,132,1,70.0,3.25,0.5,20.4,6.94,1.0,102.09,2.5,0.0,0.75
2904688,2904688,2,2.0,18.29,2.0,230,132,1,70.0,0.0,0.5,7.0,6.94,1.0,88.69,2.5,0.0,0.75
2906073,2906073,2,2.0,16.64,2.0,230,132,1,70.0,0.0,0.5,20.0,6.94,1.0,101.69,2.5,0.0,0.75
2906682,2906682,2,2.0,16.39,5.0,230,132,1,120.0,0.0,0.0,26.24,6.94,1.0,157.43,2.5,0.0,0.75
2907446,2907446,1,1.0,17.1,2.0,230,132,1,70.0,3.25,0.5,16.35,6.94,1.0,98.04,2.5,0.0,0.75
2907653,2907653,2,1.0,17.68,2.0,230,132,1,70.0,0.0,0.5,16.34,6.94,1.0,98.03,2.5,0.0,0.75
2908040,2908040,2,2.0,17.6,2.0,230,132,1,70.0,0.0,0.5,12.25,6.94,1.0,93.94,2.5,0.0,0.75
2908073,2908073,2,1.0,17.9,2.0,230,132,1,70.0,0.0,0.5,20.0,6.94,1.0,101.69,2.5,0.0,0.75
2908150,2908150,2,1.0,16.87,2.0,230,132,1,70.0,0.0,0.5,16.34,6.94,1.0,98.03,2.5,0.0,0.75
2908328,2908328,2,1.0,18.03,2.0,230,132,1,70.0,0.0,0.5,10.0,6.94,1.0,91.69,2.5,0.0,0.75
2908386,2908386,2,1.0,17.83,2.0,230,132,1,70.0,0.0,0.5,2.0,6.94,1.0,83.69,2.5,0.0,0.75
2908689,2908689,2,2.0,17.43,2.0,230,132,1,70.0,0.0,0.5,16.34,6.94,1.0,98.03,2.5,0.0,0.75
2910118,2910118,1,1.0,16.6,2.0,230,132,1,70.0,3.25,0.5,18.7,0.0,1.0,93.45,2.5,0.0,0.75
2910357,2910357,2,1.0,17.54,3.0,230,132,1,93.0,0.0,0.0,20.34,6.94,1.0,122.03,0.0,0.0,0.75
2910715,2910715,2,2.0,16.72,2.0,230,132,1,70.0,0.0,0.5,16.34,6.94,1.0,98.03,2.5,0.0,0.75
2911362,2911362,2,1.0,13.05,5.0,230,132,1,87.0,0.0,0.0,19.64,6.94,1.0,117.83,2.5,0.0,0.75
2911879,2911879,2,2.0,16.67,2.0,230,132,1,70.0,0.0,0.5,20.42,6.94,1.0,102.11,2.5,0.0,0.75
2913877,2913877,2,2.0,17.88,2.0,230,132,1,70.0,0.0,0.5,10.0,6.94,1.0,91.69,2.5,0.0,0.75
2913948,2913948,1,1.0,15.7,2.0,230,132,1,70.0,3.25,0.5,16.35,6.94,1.0,98.04,2.5,0.0,0.75
2915237,2915237,7,1.0,17.7,2.0,230,132,1,70.0,0.0,0.5,16.34,6.94,1.0,98.03,2.5,0.0,0.75
2917364,2917364,2,2.0,17.23,2.0,230,132,1,70.0,0.0,0.5,5.0,6.94,1.0,86.69,2.5,0.0,0.75
2917541,2917541,2,1.0,17.65,2.0,230,132,1,70.0,0.0,0.5,16.34,6.94,1.0,98.03,2.5,0.0,0.75
2918396,2918396,2,2.0,16.37,2.0,230,132,1,70.0,0.0,0.5,2.0,6.94,1.0,83.69,2.5,0.0,0.75
2918762,2918762,2,2.0,24.61,2.0,230,132,1,70.0,0.0,0.5,7.0,6.94,1.0,88.69,2.5,0.0,0.75
2919188,2919188,2,1.0,17.1,2.0,230,132,1,70.0,0.0,0.5,16.34,6.94,1.0,98.03,2.5,0.0,0.75
2919867,2919867,2,2.0,16.97,2.0,230,132,1,70.0,0.0,0.5,24.51,6.94,1.0,106.2,2.5,0.0,0.75
2920050,2920050,2,2.0,17.16,2.0,230,132,1,70.0,0.0,0.5,10.0,6.94,1.0,91.69,2.5,0.0,0.75
2920677,2920677,2,2.0,15.73,2.0,230,132,1,70.0,0.0,0.5,12.0,6.94,1.0,93.69,2.5,0.0,0.75
2921968,2921968,1,1.0,16.7,2.0,230,132,1,70.0,3.25,0.5,16.35,6.94,1.0,98.04,2.5,0.0,0.75
2922649,2922649,2,2.0,17.75,2.0,230,132,2,70.0,0.0,0.5,0.0,0.0,1.0,74.75,2.5,0.0,0.75
2922732,2922732,2,1.0,17.48,1.0,230,132,2,82.1,0.0,0.5,0.0,0.0,1.0,86.85,2.5,0.0,0.75
2923656,2923656,2,1.0,17.13,2.0,230,132,1,70.0,0.0,0.5,16.34,6.94,1.0,98.03,2.5,0.0,0.75
2923735,2923735,2,2.0,17.14,2.0,230,132,1,70.0,0.0,0.5,5.0,6.94,1.0,86.69,2.5,0.0,0.75
2926282,2926282,2,1.0,14.82,2.0,230,132,1,70.0,0.0,0.5,18.69,0.0,1.0,93.44,2.5,0.0,0.75
2926800,2926800,2,1.0,19.05,2.0,230,132,1,70.0,0.0,0.5,14.95,0.0,1.0,89.7,2.5,0.0,0.75
2926981,2926981,2,1.0,17.2,2.0,230,132,2,70.0,0.0,0.5,0.0,6.94,1.0,81.69,2.5,0.0,0.75
2927095,2927095,2,2.0,16.63,2.0,230,132,1,70.0,0.0,0.5,15.0,6.94,1.0,96.69,2.5,0.0,0.75
2928391,2928391,2,4.0,16.55,2.0,230,132,1,70.0,0.0,0.5,10.0,6.94,1.0,91.69,2.5,0.0,0.75
2929536,2929536,2,1.0,17.37,2.0,230,132,1,70.0,0.0,0.5,16.34,6.94,1.0,98.03,2.5,0.0,0.75
2929638,2929638,1,2.0,20.0,5.0,230,132,2,85.0,0.75,0.0,0.0,0.0,1.0,86.75,0.0,0.0,0.75
2929641,2929641,2,1.0,17.97,2.0,230,132,1,70.0,0.0,0.5,16.34,6.94,1.0,98.03,2.5,0.0,0.75
2930271,2930271,2,1.0,17.27,2.0,230,132,1,70.0,0.0,0.5,0.0,6.94,1.0,81.69,2.5,0.0,0.75
2932005,2932005,1,2.0,17.2,5.0,230,132,2,86.69,0.75,0.0,0.0,0.0,1.0,88.44,0.0,0.0,0.75
2932591,2932591,2,2.0,18.9,2.0,230,132,1,70.0,0.0,0.5,14.95,0.0,1.0,89.7,2.5,0.0,0.75
2933712,2933712,2,1.0,16.65,2.0,230,132,1,70.0,0.0,0.5,16.84,6.94,1.0,101.03,2.5,0.0,0.75
2934055,2934055,2,2.0,17.2,2.0,230,132,2,70.0,0.0,0.5,0.0,6.94,1.0,81.69,2.5,0.0,0.75
2934822,2934822,2,2.0,17.37,2.0,230,132,2,70.0,0.0,0.5,0.0,10.12,1.0,84.87,2.5,0.0,0.75
2936575,2936575,2,2.0,16.51,2.0,230,132,1,70.0,0.0,0.5,16.34,6.94,1.0,98.03,2.5,0.0,0.75
2936977,2936977,2,2.0,16.32,2.0,230,132,1,70.0,0.0,0.5,16.34,6.94,1.0,98.03,2.5,0.0,0.75
2939269,2939269,2,2.0,16.56,2.0,230,132,1,70.0,0.0,0.5,20.42,6.94,1.0,102.11,2.5,0.0,0.75
2939770,2939770,2,2.0,16.48,2.0,230,132,1,70.0,0.0,0.5,0.0,6.94,1.0,81.69,2.5,0.0,0.75
2940399,2940399,7,1.0,17.55,2.0,230,132,2,70.0,0.0,0.5,0.0,6.94,1.0,81.69,2.5,0.0,0.75
2941643,2941643,2,2.0,17.36,2.0,230,132,2,70.0,0.0,0.5,0.0,6.94,1.0,81.69,2.5,0.0,0.75
2944694,2944694,2,4.0,17.51,2.0,230,132,4,-70.0,0.0,-0.5,0.0,-6.94,-1.0,-81.69,-2.5,0.0,-0.75
2944695,2944695,2,4.0,17.51,2.0,230,132,4,70.0,0.0,0.5,0.0,6.94,1.0,81.69,2.5,0.0,0.75
2945068,2945068,2,1.0,11.03,1.0,230,132,2,49.2,5.0,0.5,0.0,6.94,1.0,65.89,2.5,0.0,0.75
2945536,2945536,2,4.0,17.15,2.0,230,132,1,70.0,0.0,0.5,0.0,0.0,1.0,74.75,2.5,0.0,0.75
2945884,2945884,2,2.0,17.36,2.0,230,132,2,70.0,0.0,0.5,0.0,6.94,1.0,81.69,2.5,0.0,0.75
2945921,2945921,2,1.0,16.71,2.0,230,132,1,70.0,0.0,0.5,3.5,6.94,1.0,85.19,2.5,0.0,0.75
2951188,2951188,2,2.0,17.8,2.0,230,132,2,70.0,0.0,0.5,0.0,6.94,1.0,81.69,2.5,0.0,0.75
2957115,2957115,2,2.0,17.56,2.0,230,132,1,70.0,0.0,0.5,0.0,0.0,1.0,74.75,2.5,0.0,0.75
2958285,2958285,2,1.0,17.9,2.0,230,132,1,70.0,0.0,0.5,16.34,6.94,1.0,98.03,2.5,0.0,0.75
2975858,2975858,2,2.0,17.73,2.0,230,132,2,70.0,0.0,0.5,0.0,0.0,1.0,77.25,2.5,0.0,0.75
2975892,2975892,2,1.0,16.85,5.0,230,132,1,85.0,0.0,0.0,17.85,0.0,1.0,107.1,2.5,0.0,0.75
2976020,2976020,2,1.0,23.62,2.0,230,132,1,70.0,0.0,0.5,0.0,6.94,1.0,84.19,2.5,0.0,0.75
2976110,2976110,2,1.0,17.49,2.0,230,132,2,70.0,0.0,0.5,0.0,6.94,1.0,81.69,2.5,0.0,0.75
2976202,2976202,2,2.0,17.23,2.0,230,132,2,70.0,0.0,0.5,0.0,0.0,1.0,74.75,2.5,0.0,0.75
2976298,2976298,2,2.0,17.21,2.0,230,132,1,70.0,0.0,0.5,5.0,6.94,1.0,86.69,2.5,0.0,0.75
2976403,2976403,2,2.0,16.96,2.0,230,132,1,70.0,0.0,0.5,16.34,6.94,1.0,98.03,2.5,0.0,0.75
2976560,2976560,1,0.0,16.7,2.0,230,132,2,70.0,3.25,0.5,0.0,6.94,1.0,81.69,2.5,0.0,0.75
2976657,2976657,2,3.0,17.12,2.0,230,132,2,70.0,0.0,0.5,0.0,6.94,1.0,81.69,2.5,0.0,0.75
2976867,2976867,2,1.0,17.63,5.0,230,132,1,86.0,0.0,0.0,18.05,0.0,1.0,108.3,2.5,0.0,0.75
2976879,2976879,1,1.0,17.5,2.0,230,132,1,70.0,3.25,0.5,0.0,6.94,1.0,81.69,2.5,0.0,0.75
2977032,2977032,2,2.0,17.55,2.0,230,132,1,70.0,0.0,0.5,16.34,6.94,1.0,98.03,2.5,0.0,0.75
2977043,2977043,2,2.0,17.66,2.0,230,132,1,70.0,0.0,0.5,20.42,6.94,1.0,102.11,2.5,0.0,0.75
2977068,2977068,2,2.0,17.69,2.0,230,132,1,70.0,0.0,0.5,0.0,6.94,1.0,81.69,2.5,0.0,0.75
2977109,2977109,2,2.0,17.22,2.0,230,132,2,70.0,0.0,0.5,0.0,6.94,1.0,81.69,2.5,0.0,0.75
2977395,2977395,1,1.0,17.2,2.0,230,132,1,70.0,3.25,0.5,20.4,6.94,1.0,102.09,2.5,0.0,0.75
2977931,2977931,2,2.0,16.46,2.0,230,132,1,70.0,0.0,0.5,16.34,6.94,1.0,98.03,2.5,0.0,0.75
2978146,2978146,2,1.0,16.97,2.0,230,132,1,70.0,0.0,0.5,16.34,6.94,1.0,98.03,2.5,0.0,0.75
2978660,2978660,2,1.0,19.09,5.0,230,132,4,-97.0,0.0,0.0,0.0,-6.94,-1.0,-108.19,-2.5,0.0,-0.75
2978661,2978661,2,1.0,19.09,5.0,230,132,4,97.0,0.0,0.0,0.0,6.94,1.0,108.19,2.5,0.0,0.75
2978820,2978820,2,1.0,17.67,2.0,230,132,1,70.0,0.0,0.5,0.0,6.94,1.0,81.69,2.5,0.0,0.75
2981127,2981127,2,2.0,19.91,2.0,230,132,1,70.0,0.0,0.5,10.0,0.0,1.0,84.75,2.5,0.0,0.75
2981573,2981573,2,1.0,14.78,2.0,230,132,1,70.0,0.0,0.5,21.19,10.0,1.0,105.94,2.5,0.0,0.75
2981765,2981765,2,1.0,16.74,2.0,230,132,2,70.0,0.0,0.5,0.0,6.94,1.0,81.69,2.5,0.0,0.75
2981808,2981808,2,1.0,21.54,2.0,230,132,1,70.0,0.0,0.5,14.95,0.0,1.0,89.7,2.5,0.0,0.75
2982714,2982714,2,1.0,22.18,2.0,230,132,1,70.0,0.0,0.5,16.34,6.94,1.0,98.03,2.5,0.0,0.75
2982765,2982765,2,2.0,22.03,2.0,230,132,2,70.0,0.0,0.5,0.0,6.94,1.0,81.69,2.5,0.0,0.75
2983683,2983683,1,1.0,17.0,2.0,230,132,1,70.0,3.25,0.5,16.35,6.94,1.0,98.04,2.5,0.0,0.75
2986315,2986315,2,1.0,15.94,5.0,230,132,1,85.0,0.0,0.0,0.0,6.94,1.0,96.19,2.5,0.0,0.75
2986527,2986527,2,2.0,18.0,2.0,230,132,1,70.0,0.0,0.5,16.34,6.94,1.0,98.03,2.5,0.0,0.75
2986750,2986750,2,1.0,17.11,2.0,230,132,1,70.0,0.0,0.5,14.95,0.0,1.0,89.7,2.5,0.0,0.75
2986858,2986858,2,2.0,16.91,2.0,230,132,1,70.0,0.0,0.5,16.34,6.94,1.0,98.03,2.5,0.0,0.75
2987083,2987083,1,1.0,17.3,2.0,230,132,1,70.0,3.25,0.5,0.0,6.94,1.0,81.69,2.5,0.0,0.75
2987905,2987905,2,2.0,18.25,2.0,230,132,1,70.0,0.0,0.5,10.0,6.94,1.0,91.69,2.5,0.0,0.75
2988070,2988070,2,2.0,15.99,2.0,230,132,2,70.0,0.0,0.5,0.0,6.94,1.0,81.69,2.5,0.0,0.75
2989919,2989919,2,2.0,16.74,2.0,230,132,1,70.0,0.0,0.5,24.51,6.94,1.0,106.2,2.5,0.0,0.75
2990151,2990151,1,1.0,18.2,2.0,230,132,1,70.0,3.25,0.5,0.0,6.94,1.0,81.69,2.5,0.0,0.75
2990451,2990451,2,2.0,15.61,5.0,230,132,1,75.0,0.0,0.0,17.24,6.94,1.0,103.43,2.5,0.0,0.75
2990456,2990456,2,2.0,17.04,2.0,230,132,3,-70.0,0.0,-0.5,0.0,-6.94,-1.0,-81.69,-2.5,0.0,-0.75
2990457,2990457,2,2.0,17.04,2.0,230,132,3,70.0,0.0,0.5,0.0,6.94,1.0,81.69,2.5,0.0,0.75
2990774,2990774,1,1.0,16.6,2.0,230,132,1,70.0,3.25,0.5,16.35,6.94,1.0,98.04,2.5,0.0,0.75
2991148,2991148,2,1.0,21.16,2.0,230,132,1,70.0,0.0,0.5,14.95,0.0,1.0,89.7,2.5,0.0,0.75
2991642,2991642,2,2.0,18.02,2.0,230,132,1,70.0,0.0,0.5,16.34,6.94,1.0,98.03,2.5,0.0,0.75
2992040,2992040,2,2.0,16.77,2.0,230,132,1,70.0,0.0,0.5,16.34,6.94,1.0,98.03,2.5,0.0,0.75
2992062,2992062,2,2.0,18.42,2.0,230,132,1,70.0,0.0,0.5,16.34,6.94,1.0,98.03,2.5,0.0,0.75
2992803,2992803,2,2.0,16.34,2.0,230,132,1,70.0,0.0,0.5,16.34,6.94,1.0,98.03,2.5,0.0,0.75
2995433,2995433,2,1.0,17.99,2.0,230,132,1,70.0,0.0,0.5,16.34,6.94,1.0,98.03,2.5,0.0,0.75
2995725,2995725,2,2.0,18.65,2.0,230,132,2,70.0,0.0,0.5,0.0,6.94,1.0,81.69,2.5,0.0,0.75
2996118,2996118,2,1.0,15.18,2.0,230,132,1,70.0,0.0,0.5,0.0,0.0,1.0,74.75,2.5,0.0,0.75
2996353,2996353,2,1.0,21.73,2.0,230,132,2,70.0,0.0,0.5,0.0,0.0,1.0,74.75,2.5,0.0,0.75
2996829,2996829,2,2.0,17.19,2.0,230,132,1,70.0,0.0,0.5,20.42,6.94,1.0,102.11,2.5,0.0,0.75
2998705,2998705,2,2.0,16.87,2.0,230,132,1,70.0,0.0,0.5,12.25,6.94,1.0,93.94,2.5,0.0,0.75
2999176,2999176,2,2.0,22.57,2.0,230,132,2,70.0,0.0,0.5,0.0,6.94,1.0,81.69,2.5,0.0,0.75
2999890,2999890,2,2.0,16.05,2.0,230,132,1,70.0,0.0,0.5,16.34,6.94,1.0,98.03,2.5,0.0,0.75
3000784,3000784,2,1.0,16.7,5.0,230,132,4,-95.0,0.0,0.0,0.0,-6.94,-1.0,-106.19,-2.5,0.0,-0.75
3000785,3000785,2,1.0,16.7,5.0,230,132,4,95.0,0.0,0.0,0.0,6.94,1.0,106.19,2.5,0.0,0.75
3001345,3001345,2,2.0,16.51,2.0,230,132,1,70.0,0.0,0.5,16.34,6.94,1.0,98.03,2.5,0.0,0.75
3002459,3002459,1,1.0,22.0,2.0,230,132,1,70.0,3.25,0.5,20.4,6.94,1.0,102.09,2.5,0.0,0.75
3002684,3002684,1,1.0,18.1,2.0,230,132,2,70.0,3.25,0.5,0.0,6.94,1.0,81.69,2.5,0.0,0.75
3003253,3003253,2,1.0,17.21,2.0,230,132,1,70.0,0.0,0.5,16.34,6.94,1.0,98.03,2.5,0.0,0.75
3004587,3004587,2,2.0,17.46,2.0,230,132,2,70.0,0.0,0.5,0.0,6.94,1.0,81.69,2.5,0.0,0.75
3005052,3005052,2,4.0,16.65,2.0,230,132,1,70.0,0.0,0.5,16.34,6.94,1.0,98.03,2.5,0.0,0.75
3006365,3006365,1,1.0,15.6,5.0,230,132,1,95.0,0.75,0.0,14.0,0.0,1.0,110.75,0.0,0.0,0.75
3006488,3006488,1,2.0,19.3,2.0,230,132,2,70.0,3.25,0.5,0.0,6.94,1.0,81.69,2.5,0.0,0.75
3008285,3008285,2,2.0,18.79,2.0,230,132,1,70.0,0.0,0.5,16.34,6.94,1.0,98.03,2.5,0.0,0.75
3008460,3008460,1,1.0,15.5,2.0,230,132,1,70.0,3.25,0.5,16.35,6.94,1.0,98.04,2.5,0.0,0.75
3009753,3009753,1,1.0,16.6,2.0,230,132,1,70.0,3.25,0.5,0.0,6.94,1.0,81.69,2.5,0.0,0.75
3010564,3010564,2,4.0,16.81,2.0,230,132,2,70.0,0.0,0.5,0.0,6.94,1.0,81.69,2.5,0.0,0.75
3010588,3010588,2,1.0,16.13,2.0,230,132,4,-70.0,0.0,-0.5,0.0,-6.94,-1.0,-81.69,-2.5,0.0,-0.75
3010589,3010589,2,1.0,16.13,2.0,230,132,4,70.0,0.0,0.5,0.0,6.94,1.0,81.69,2.5,0.0,0.75
3011309,3011309,2,3.0,27.72,2.0,230,132,1,70.0,0.0,0.5,0.0,6.94,1.0,81.69,2.5,0.0,0.75
3012595,3012595,1,1.0,17.4,2.0,230,132,1,70.0,3.25,0.5,10.0,6.94,1.0,91.69,2.5,0.0,0.75
3012865,3012865,2,1.0,17.15,2.0,230,132,1,70.0,0.0,0.5,16.34,6.94,1.0,98.03,2.5,0.0,0.75
3013448,3013448,2,3.0,17.77,2.0,230,132,1,70.0,0.0,0.5,0.0,6.94,1.0,81.69,2.5,0.0,0.75
3014518,3014518,1,1.0,17.9,2.0,230,132,1,70.0,3.25,0.5,16.3,6.94,1.0,97.99,2.5,0.0,0.75
3014871,3014871,2,1.0,18.02,2.0,230,132,2,70.0,0.0,0.5,0.0,6.94,1.0,81.69,2.5,0.0,0.75
3015465,3015465,2,2.0,17.16,2.0,230,132,1,70.0,0.0,0.5,24.51,6.94,1.0,106.2,2.5,0.0,0.75
3015748,3015748,2,2.0,16.58,2.0,230,132,1,70.0,0.0,0.5,16.34,6.94,1.0,98.03,2.5,0.0,0.75
3015850,3015850,2,2.0,17.65,2.0,230,132,2,70.0,0.0,0.5,0.0,6.94,1.0,81.69,2.5,0.0,0.75
3016119,3016119,2,1.0,19.04,2.0,230,132,1,70.0,0.0,0.5,16.34,6.94,1.0,98.03,2.5,0.0,0.75
3016367,3016367,2,1.0,16.81,2.0,230,132,1,70.0,0.0,0.5,2.0,6.94,1.0,83.69,2.5,0.0,0.75
3016649,3016649,2,4.0,18.83,2.0,230,132,1,70.0,0.0,0.5,16.34,6.94,1.0,98.03,2.5,0.0,0.75
3016733,3016733,2,1.0,17.23,2.0,230,132,1,70.0,0.0,0.5,16.34,6.94,1.0,98.03,2.5,0.0,0.75
3017302,3017302,1,3.0,17.4,2.0,230,132,1,70.0,3.25,0.5,16.3,6.94,1.0,97.99,2.5,0.0,0.75
3017370,3017370,2,2.0,18.69,2.0,230,132,1,70.0,0.0,0.5,10.0,6.94,1.0,91.69,2.5,0.0,0.75
3018330,3018330,2,2.0,17.87,2.0,230,132,1,70.0,0.0,0.5,10.0,6.94,1.0,91.69,2.5,0.0,0.75
3018351,3018351,2,2.0,17.51,2.0,230,132,2,70.0,0.0,0.5,0.0,6.94,1.0,81.69,2.5,0.0,0.75
3018554,3018554,1,1.0,17.4,2.0,230,132,2,70.0,3.25,0.5,0.0,6.94,1.0,81.69,2.5,0.0,0.75
3019130,3019130,2,3.0,16.43,2.0,230,132,2,70.0,0.0,0.5,0.0,0.0,1.0,74.75,2.5,0.0,0.75
3019258,3019258,2,4.0,17.52,2.0,230,132,1,70.0,0.0,0.5,5.0,6.94,1.0,86.69,2.5,0.0,0.75
3020675,3020675,2,2.0,16.99,2.0,230,132,1,70.0,0.0,0.5,5.5,6.94,1.0,87.19,2.5,0.0,0.75
3020860,3020860,2,4.0,16.02,2.0,230,132,2,70.0,0.0,0.5,0.0,6.94,1.0,81.69,2.5,0.0,0.75
3021596,3021596,2,1.0,17.32,2.0,230,132,1,70.0,0.0,0.5,4.08,6.94,1.0,85.77,2.5,0.0,0.75
3022374,3022374,2,2.0,15.45,2.0,230,132,1,70.0,0.0,0.5,16.34,6.94,1.0,98.03,2.5,0.0,0.75
3022943,3022943,2,1.0,15.51,2.0,230,132,1,70.0,0.0,0.5,14.95,0.0,1.0,89.7,2.5,0.0,0.75
3023661,3023661,2,4.0,15.47,5.0,230,132,1,90.0,0.0,0.0,20.24,6.94,1.0,121.43,2.5,0.0,0.75
3023707,3023707,2,2.0,15.56,2.0,230,132,2,70.0,0.0,0.5,0.0,6.94,1.0,81.69,2.5,0.0,0.75
3024375,3024375,2,2.0,18.27,2.0,230,132,4,-70.0,0.0,-0.5,0.0,-6.94,-1.0,-81.69,-2.5,0.0,-0.75
3024376,3024376,2,2.0,18.27,2.0,230,132,4,70.0,0.0,0.5,0.0,6.94,1.0,81.69,2.5,0.0,0.75
3025861,3025861,1,1.0,16.4,2.0,230,132,1,70.0,8.25,0.5,10.0,6.94,1.0,96.69,2.5,0.0,0.75
3026141,3026141,1,1.0,15.8,2.0,230,132,1,70.0,8.25,0.5,17.35,6.94,1.0,104.04,2.5,0.0,0.75
3026246,3026246,2,1.0,16.84,2.0,230,132,1,70.0,5.0,0.5,17.34,6.94,1.0,104.03,2.5,0.0,0.75
3026768,3026768,2,2.0,16.57,2.0,230,132,2,70.0,5.0,0.5,0.0,6.94,1.0,86.69,2.5,0.0,0.75
3028659,3028659,1,1.0,17.6,2.0,230,132,1,70.0,8.25,0.5,17.3,6.94,1.0,103.99,2.5,0.0,0.75
3028804,3028804,2,1.0,15.46,2.0,230,132,1,70.0,5.0,0.5,23.93,0.0,1.0,103.68,2.5,0.0,0.75
3029754,3029754,2,1.0,16.41,2.0,230,132,2,70.0,5.0,0.5,0.0,6.94,1.0,86.69,2.5,0.0,0.75
3030123,3030123,2,2.0,17.31,2.0,230,132,1,70.0,5.0,0.5,17.34,6.94,1.0,104.03,2.5,0.0,0.75
3030318,3030318,2,1.0,16.84,2.0,230,132,1,70.0,5.0,0.5,10.0,6.94,1.0,96.69,2.5,0.0,0.75
3031277,3031277,2,1.0,15.87,1.0,230,132,1,91.9,2.5,0.5,21.22,6.94,1.0,127.31,2.5,0.0,0.75
3032584,3032584,2,3.0,15.22,2.0,230,132,1,70.0,5.0,0.5,17.34,6.94,1.0,104.03,2.5,0.0,0.75
3034415,3034415,2,2.0,16.33,2.0,230,132,1,70.0,5.0,0.5,17.34,6.94,1.0,104.03,2.5,0.0,0.75
3034677,3034677,2,1.0,16.67,2.0,230,132,1,70.0,5.0,0.5,17.34,6.94,1.0,104.03,2.5,0.0,0.75
3035514,3035514,2,1.0,18.42,2.0,230,132,2,70.0,5.0,0.5,0.0,6.94,1.0,86.69,2.5,0.0,0.75
3035936,3035936,7,2.0,20.51,2.0,230,132,2,70.0,0.0,0.5,0.0,6.94,1.0,86.69,2.5,0.0,0.75
3037535,3037535,2,1.0,16.82,2.0,230,132,1,70.0,5.0,0.5,17.34,6.94,1.0,104.03,2.5,0.0,0.75
3038299,3038299,2,1.0,17.65,2.0,230,132,1,70.0,5.0,0.5,21.67,6.94,1.0,108.36,2.5,0.0,0.75
3051789,3051789,2,2.0,17.21,2.0,230,132,1,70.0,5.0,0.5,17.34,6.94,1.0,104.03,2.5,0.0,0.75
3054464,3054464,2,2.0,17.24,2.0,230,132,1,70.0,0.0,0.5,16.34,6.94,1.0,98.03,2.5,0.0,0.75
3057332,3057332,1,1.0,16.6,5.0,230,132,1,85.0,0.75,0.0,17.35,0.0,1.0,104.1,0.0,0.0,0.75
3058340,3058340,2,1.0,18.15,2.0,230,132,1,70.0,0.0,0.5,18.69,0.0,1.0,93.44,2.5,0.0,0.75
3064314,3064314,2,3.0,17.01,2.0,230,132,1,70.0,0.0,0.5,16.34,6.94,1.0,98.03,2.5,0.0,0.75
3064620,3064620,2,2.0,17.4,2.0,230,132,1,70.0,0.0,0.5,16.34,6.94,1.0,98.03,2.5,0.0,0.75
3070564,3070564,2,2.0,22.41,2.0,230,132,1,70.0,0.0,0.5,12.25,6.94,1.0,93.94,2.5,0.0,0.75
3071160,3071160,2,1.0,17.74,2.0,230,132,1,70.0,0.0,0.5,16.34,6.94,1.0,98.03,2.5,0.0,0.75
3074361,3074361,2,1.0,17.39,2.0,230,132,1,70.0,0.0,0.5,16.34,6.94,1.0,98.03,2.5,0.0,0.75
3074483,3074483,2,1.0,16.57,5.0,230,132,4,-80.0,0.0,0.0,0.0,-6.94,-1.0,-91.19,-2.5,0.0,-0.75
3074484,3074484,2,1.0,16.57,5.0,230,132,4,80.0,0.0,0.0,0.0,6.94,1.0,91.19,2.5,0.0,0.75
3074531,3074531,1,1.0,16.6,2.0,230,132,1,70.0,3.25,0.5,16.35,6.94,1.0,98.04,2.5,0.0,0.75
3075321,3075321,1,0.0,17.4,2.0,230,132,1,70.0,3.25,0.5,16.3,6.94,1.0,97.99,2.5,0.0,0.75
3075978,3075978,1,1.0,15.8,2.0,230,132,1,70.0,3.25,0.5,24.5,6.94,1.0,106.19,2.5,0.0,0.75
3076074,3076074,2,1.0,16.48,2.0,230,132,2,70.0,0.0,0.5,0.0,0.0,1.0,74.75,2.5,0.0,0.75
3076095,3076095,1,1.0,16.6,2.0,230,132,1,70.0,3.25,0.5,14.95,0.0,1.0,89.7,2.5,0.0,0.75
3076222,3076222,1,1.0,17.2,2.0,230,132,1,70.0,3.25,0.5,16.3,6.94,1.0,97.99,2.5,0.0,0.75
3076630,3076630,2,1.0,17.47,2.0,230,132,2,70.0,0.0,0.5,0.0,6.94,1.0,81.69,2.5,0.0,0.75
3077391,3077391,2,1.0,17.06,2.0,230,132,1,70.0,0.0,0.5,16.34,6.94,1.0,98.03,2.5,0.0,0.75
3077499,3077499,2,2.0,17.68,2.0,230,132,1,70.0,0.0,0.5,20.42,6.94,1.0,102.11,2.5,0.0,0.75
3077732,3077732,1,2.0,18.2,2.0,230,132,2,70.0,3.25,0.5,0.0,6.94,1.0,81.69,2.5,0.0,0.75
3078715,3078715,2,1.0,17.7,2.0,230,132,2,70.0,0.0,0.5,0.0,6.94,1.0,81.69,2.5,0.0,0.75
3079472,3079472,2,4.0,16.61,2.0,230,132,1,70.0,0.0,0.5,16.34,6.94,1.0,98.03,2.5,0.0,0.75
3080496,3080496,2,2.0,19.01,2.0,230,132,2,70.0,0.0,0.5,0.0,0.0,1.0,74.75,2.5,0.0,0.75
3081053,3081053,1,1.0,17.9,2.0,230,132,1,70.0,3.25,0.5,10.0,6.94,1.0,91.69,2.5,0.0,0.75
3084407,3084407,2,3.0,16.3,2.0,230,132,1,70.0,0.0,0.5,15.4,2.25,1.0,92.4,2.5,0.0,0.75
3084819,3084819,2,4.0,15.36,5.0,230,132,1,87.0,0.0,0.0,21.03,13.88,1.0,126.16,2.5,0.0,0.75
3087165,3087165,2,4.0,18.24,2.0,230,132,1,70.0,0.0,0.5,20.42,6.94,1.0,102.11,2.5,0.0,0.75
3088407,3088407,2,2.0,18.37,2.0,230,132,1,70.0,0.0,0.5,10.0,6.94,1.0,94.19,2.5,0.0,0.75
3095933,3095933,2,4.0,16.63,5.0,230,132,2,89.0,0.0,0.0,0.0,6.94,1.0,100.19,2.5,0.0,0.75
3096002,3096002,1,1.0,17.1,5.0,230,132,1,85.0,0.75,0.0,5.0,6.94,1.0,98.69,0.0,0.0,0.75
3097732,3097732,2,3.0,17.71,2.0,230,132,1,70.0,0.0,0.5,7.0,6.94,1.0,88.69,2.5,0.0,0.75
3098670,3098670,2,1.0,18.53,2.0,230,132,1,70.0,0.0,0.5,20.42,6.94,1.0,102.11,2.5,0.0,0.75
3100224,3100224,2,2.0,17.0,2.0,230,132,1,70.0,0.0,0.5,0.0,6.94,1.0,81.69,2.5,0.0,0.75
3100309,3100309,2,1.0,18.11,2.0,230,132,1,70.0,0.0,0.5,10.0,6.94,1.0,91.69,2.5,0.0,0.75
3100830,3100830,2,2.0,16.92,2.0,230,132,1,70.0,0.0,0.5,0.0,6.94,1.0,81.69,2.5,0.0,0.75
3103000,3103000,2,2.0,16.45,2.0,230,132,1,70.0,0.0,0.5,10.0,6.94,1.0,91.69,2.5,0.0,0.75
3103234,3103234,2,2.0,16.6,2.0,230,132,2,70.0,0.0,0.5,0.0,6.94,1.0,81.69,2.5,0.0,0.75
3104190,3104190,2,1.0,18.21,2.0,230,132,1,70.0,0.0,0.5,10.0,6.94,1.0,91.69,2.5,0.0,0.75
3107170,3107170,2,1.0,16.59,2.0,230,132,1,70.0,0.0,0.5,16.34,6.94,1.0,98.03,2.5,0.0,0.75
3107195,3107195,1,1.0,17.0,2.0,230,132,1,70.0,3.25,0.5,10.0,6.94,1.0,91.69,2.5,0.0,0.75
3107775,3107775,2,4.0,17.24,2.0,230,132,1,70.0,0.0,0.5,16.34,6.94,1.0,98.03,2.5,0.0,0.75
3108522,3108522,2,2.0,17.12,2.0,230,132,1,70.0,0.0,0.5,16.34,6.94,1.0,98.03,2.5,0.0,0.75
3112692,3112692,2,2.0,18.14,5.0,230,132,1,85.0,0.0,0.0,17.85,0.0,1.0,107.1,2.5,0.0,0.75
3112930,3112930,2,4.0,17.17,2.0,230,132,2,70.0,0.0,0.5,0.0,6.94,1.0,81.69,2.5,0.0,0.75
3113030,3113030,2,4.0,16.42,5.0,230,132,1,85.0,0.0,0.0,19.24,6.94,1.0,115.43,2.5,0.0,0.75
3113949,3113949,2,1.0,19.12,2.0,230,132,2,70.0,0.0,0.5,0.0,6.94,1.0,81.69,2.5,0.0,0.75
3114466,3114466,2,3.0,16.61,2.0,230,132,1,70.0,0.0,0.5,16.34,6.94,1.0,98.03,2.5,0.0,0.75
3116830,3116830,2,1.0,16.02,2.0,230,132,1,70.0,0.0,0.5,0.0,6.94,1.0,81.69,2.5,0.0,0.75
3117085,3117085,1,1.0,15.7,5.0,230,132,1,87.0,0.75,0.0,19.15,6.94,1.0,114.84,0.0,0.0,0.75
3119181,3119181,2,2.0,17.29,2.0,230,132,2,70.0,0.0,0.5,0.0,6.94,1.0,81.69,2.5,0.0,0.75
3121556,3121556,2,2.0,17.44,2.0,230,132,1,70.0,0.0,0.5,16.34,6.94,1.0,98.03,2.5,0.0,0.75
3124259,3124259,1,2.0,16.0,5.0,230,132,1,86.0,0.75,0.0,10.0,0.0,1.0,97.75,0.0,0.0,0.75
3125457,3125457,2,3.0,18.22,2.0,230,132,1,70.0,0.0,0.5,1.0,6.94,1.0,82.69,2.5,0.0,0.75
3127120,3127120,2,4.0,15.5,5.0,230,132,1,85.0,0.0,0.0,10.0,0.0,1.0,99.25,2.5,0.0,0.75
3128655,3128655,2,2.0,17.06,2.0,230,132,1,70.0,5.0,0.5,21.67,6.94,1.0,108.36,2.5,0.0,0.75
3130429,3130429,2,3.0,17.0,2.0,230,132,2,70.0,5.0,0.5,0.0,6.94,1.0,86.69,2.5,0.0,0.75
3132147,3132147,2,1.0,17.51,2.0,230,132,1,70.0,5.0,0.5,17.34,6.94,1.0,104.03,2.5,0.0,0.75
3132677,3132677,2,2.0,16.9,2.0,230,132,2,70.0,5.0,0.5,0.0,6.94,1.0,86.69,2.5,0.0,0.75
3132723,3132723,2,1.0,16.86,2.0,230,132,1,70.0,5.0,0.5,21.67,6.94,1.0,108.36,2.5,0.0,0.75
3133076,3133076,2,2.0,14.68,2.0,230,132,1,70.0,5.0,0.5,19.94,0.0,1.0,99.69,2.5,0.0,0.75
3134071,3134071,2,1.0,17.9,2.0,230,132,2,70.0,5.0,0.5,0.0,6.94,1.0,86.69,2.5,0.0,0.75
3134249,3134249,2,2.0,15.26,2.0,230,132,2,70.0,5.0,0.5,0.0,0.0,1.0,79.75,2.5,0.0,0.75
3135125,3135125,2,2.0,16.75,2.0,230,132,2,70.0,5.0,0.5,0.0,6.94,1.0,86.69,2.5,0.0,0.75
3136000,3136000,2,2.0,17.5,2.0,230,132,2,-70.0,-5.0,-0.5,0.0,-6.94,-1.0,-86.69,-2.5,0.0,-0.75
3136001,3136001,2,2.0,17.5,2.0,230,132,2,70.0,5.0,0.5,0.0,6.94,1.0,86.69,2.5,0.0,0.75
3138272,3138272,2,2.0,17.26,2.0,230,132,1,70.0,5.0,0.5,17.34,6.94,1.0,104.03,2.5,0.0,0.75
3142785,3142785,1,1.0,16.8,2.0,230,132,2,70.0,8.25,0.5,0.0,6.94,1.0,86.69,2.5,0.0,0.75
3142825,3142825,2,1.0,17.3,2.0,230,132,1,70.0,5.0,0.5,17.34,6.94,1.0,104.03,2.5,0.0,0.75
3143503,3143503,2,2.0,17.32,2.0,230,132,4,-70.0,-5.0,-0.5,0.0,0.0,-1.0,-79.75,-2.5,0.0,-0.75
3143504,3143504,2,2.0,17.32,2.0,230,132,4,70.0,5.0,0.5,0.0,0.0,1.0,79.75,2.5,0.0,0.75
3148888,3148888,2,1.0,17.88,2.0,230,132,1,70.0,5.0,0.5,5.0,0.0,1.0,84.75,2.5,0.0,0.75
3153645,3153645,1,1.0,16.2,2.0,230,132,1,70.0,8.25,0.5,17.35,6.94,1.0,104.04,2.5,0.0,0.75
3168819,3168819,2,1.0,17.16,2.0,230,132,1,70.0,0.0,0.5,16.34,6.94,1.0,98.03,2.5,0.0,0.75
3170546,3170546,2,1.0,17.75,2.0,230,132,1,70.0,0.0,0.5,16.34,6.94,1.0,98.03,2.5,0.0,0.75
